/* 
 * To change this license header, choose License Headers in Project Properties.
 * To change this template file, choose Tools | Templates
 * and open the template in the editor.
 */
/**
 * Author:  altius
 * Created: 04-Feb-2021
 */

INSERT INTO `fasp`.`ap_label`(`LABEL_ID`,`LABEL_EN`,`LABEL_FR`,`LABEL_SP`,`LABEL_PR`,`CREATED_BY`,`CREATED_DATE`,`LAST_MODIFIED_BY`,`LAST_MODIFIED_DATE`,`SOURCE_ID`) VALUES ( NULL,'Stock Adjustment',NULL,NULL,NULL,'1',NOW(),'1',NOW(),'1');
SELECT MAX(l.LABEL_ID) INTO @MAX FROM ap_label l ;
INSERT INTO `fasp`.`us_business_function`(`BUSINESS_FUNCTION_ID`,`LABEL_ID`,`CREATED_BY`,`CREATED_DATE`,`LAST_MODIFIED_BY`,`LAST_MODIFIED_DATE`) VALUES ( 'ROLE_BF_STOCK_ADJUSTMENT_REPORT',@MAX,'1',NOW(),'1',NOW());

INSERT INTO `fasp`.`ap_label`(`LABEL_ID`,`LABEL_EN`,`LABEL_FR`,`LABEL_SP`,`LABEL_PR`,`CREATED_BY`,`CREATED_DATE`,`LAST_MODIFIED_BY`,`LAST_MODIFIED_DATE`,`SOURCE_ID`) VALUES ( NULL,'Warehouse Capacity (by Program)',NULL,NULL,NULL,'1',NOW(),'1',NOW(),'1');
SELECT MAX(l.LABEL_ID) INTO @MAX FROM ap_label l ;
INSERT INTO `fasp`.`us_business_function`(`BUSINESS_FUNCTION_ID`,`LABEL_ID`,`CREATED_BY`,`CREATED_DATE`,`LAST_MODIFIED_BY`,`LAST_MODIFIED_DATE`) VALUES ( 'ROLE_BF_WAREHOUSE_CAPACITY_REPORT',@MAX,'1',NOW(),'1',NOW());

INSERT INTO `fasp`.`ap_label`(`LABEL_ID`,`LABEL_EN`,`LABEL_FR`,`LABEL_SP`,`LABEL_PR`,`CREATED_BY`,`CREATED_DATE`,`LAST_MODIFIED_BY`,`LAST_MODIFIED_DATE`,`SOURCE_ID`) VALUES ( NULL,'Shipment Overview',NULL,NULL,NULL,'1',NOW(),'1',NOW(),'1');
SELECT MAX(l.LABEL_ID) INTO @MAX FROM ap_label l ;
INSERT INTO `fasp`.`us_business_function`(`BUSINESS_FUNCTION_ID`,`LABEL_ID`,`CREATED_BY`,`CREATED_DATE`,`LAST_MODIFIED_BY`,`LAST_MODIFIED_DATE`) VALUES ( 'ROLE_BF_SHIPMENT_OVERVIEW_REPORT',@MAX,'1',NOW(),'1',NOW());

INSERT INTO `fasp`.`ap_label`(`LABEL_ID`,`LABEL_EN`,`LABEL_FR`,`LABEL_SP`,`LABEL_PR`,`CREATED_BY`,`CREATED_DATE`,`LAST_MODIFIED_BY`,`LAST_MODIFIED_DATE`,`SOURCE_ID`) VALUES ( NULL,'Shipment Details',NULL,NULL,NULL,'1',NOW(),'1',NOW(),'1');
SELECT MAX(l.LABEL_ID) INTO @MAX FROM ap_label l ;
INSERT INTO `fasp`.`us_business_function`(`BUSINESS_FUNCTION_ID`,`LABEL_ID`,`CREATED_BY`,`CREATED_DATE`,`LAST_MODIFIED_BY`,`LAST_MODIFIED_DATE`) VALUES ( 'ROLE_BF_SHIPMENT_DETAILS_REPORT',@MAX,'1',NOW(),'1',NOW());

INSERT INTO `fasp`.`ap_label`(`LABEL_ID`,`LABEL_EN`,`LABEL_FR`,`LABEL_SP`,`LABEL_PR`,`CREATED_BY`,`CREATED_DATE`,`LAST_MODIFIED_BY`,`LAST_MODIFIED_DATE`,`SOURCE_ID`) VALUES ( NULL,'Budget',NULL,NULL,NULL,'1',NOW(),'1',NOW(),'1');
SELECT MAX(l.LABEL_ID) INTO @MAX FROM ap_label l ;
INSERT INTO `fasp`.`us_business_function`(`BUSINESS_FUNCTION_ID`,`LABEL_ID`,`CREATED_BY`,`CREATED_DATE`,`LAST_MODIFIED_BY`,`LAST_MODIFIED_DATE`) VALUES ( 'ROLE_BF_BUDGET_REPORT',@MAX,'1',NOW(),'1',NOW());

INSERT INTO `fasp`.`ap_label`(`LABEL_ID`,`LABEL_EN`,`LABEL_FR`,`LABEL_SP`,`LABEL_PR`,`CREATED_BY`,`CREATED_DATE`,`LAST_MODIFIED_BY`,`LAST_MODIFIED_DATE`,`SOURCE_ID`) VALUES ( NULL,'Expiries',NULL,NULL,NULL,'1',NOW(),'1',NOW(),'1');
SELECT MAX(l.LABEL_ID) INTO @MAX FROM ap_label l ;
INSERT INTO `fasp`.`us_business_function`(`BUSINESS_FUNCTION_ID`,`LABEL_ID`,`CREATED_BY`,`CREATED_DATE`,`LAST_MODIFIED_BY`,`LAST_MODIFIED_DATE`) VALUES ( 'ROLE_BF_EXPIRIES_REPORT',@MAX,'1',NOW(),'1',NOW());

INSERT INTO `fasp`.`ap_label`(`LABEL_ID`,`LABEL_EN`,`LABEL_FR`,`LABEL_SP`,`LABEL_PR`,`CREATED_BY`,`CREATED_DATE`,`LAST_MODIFIED_BY`,`LAST_MODIFIED_DATE`,`SOURCE_ID`) VALUES ( NULL,'Shipment Cost Details',NULL,NULL,NULL,'1',NOW(),'1',NOW(),'1');
SELECT MAX(l.LABEL_ID) INTO @MAX FROM ap_label l ;
INSERT INTO `fasp`.`us_business_function`(`BUSINESS_FUNCTION_ID`,`LABEL_ID`,`CREATED_BY`,`CREATED_DATE`,`LAST_MODIFIED_BY`,`LAST_MODIFIED_DATE`) VALUES ( 'ROLE_BF_SHIPMENT_COST_DETAILS_REPORT',@MAX,'1',NOW(),'1',NOW());



INSERT INTO `fasp`.`us_role_business_function`(`ROLE_BUSINESS_FUNCTION_ID`,`ROLE_ID`,`BUSINESS_FUNCTION_ID`,`CREATED_BY`,`CREATED_DATE`,`LAST_MODIFIED_BY`,`LAST_MODIFIED_DATE`) VALUES ( NULL,'ROLE_PROGRAM_ADMIN','ROLE_BF_STOCK_ADJUSTMENT_REPORT','1',NOW(),'1',NOW());
INSERT INTO `fasp`.`us_role_business_function`(`ROLE_BUSINESS_FUNCTION_ID`,`ROLE_ID`,`BUSINESS_FUNCTION_ID`,`CREATED_BY`,`CREATED_DATE`,`LAST_MODIFIED_BY`,`LAST_MODIFIED_DATE`) VALUES ( NULL,'ROLE_PROGRAM_USER','ROLE_BF_STOCK_ADJUSTMENT_REPORT','1',NOW(),'1',NOW());
INSERT INTO `fasp`.`us_role_business_function`(`ROLE_BUSINESS_FUNCTION_ID`,`ROLE_ID`,`BUSINESS_FUNCTION_ID`,`CREATED_BY`,`CREATED_DATE`,`LAST_MODIFIED_BY`,`LAST_MODIFIED_DATE`) VALUES ( NULL,'ROLE_GUEST_USER','ROLE_BF_STOCK_ADJUSTMENT_REPORT','1',NOW(),'1',NOW());
INSERT INTO `fasp`.`us_role_business_function`(`ROLE_BUSINESS_FUNCTION_ID`,`ROLE_ID`,`BUSINESS_FUNCTION_ID`,`CREATED_BY`,`CREATED_DATE`,`LAST_MODIFIED_BY`,`LAST_MODIFIED_DATE`) VALUES ( NULL,'ROLE_APPLICATION_ADMIN','ROLE_BF_STOCK_ADJUSTMENT_REPORT','1',NOW(),'1',NOW());
INSERT INTO `fasp`.`us_role_business_function`(`ROLE_BUSINESS_FUNCTION_ID`,`ROLE_ID`,`BUSINESS_FUNCTION_ID`,`CREATED_BY`,`CREATED_DATE`,`LAST_MODIFIED_BY`,`LAST_MODIFIED_DATE`) VALUES ( NULL,'ROLE_REALM_ADMIN','ROLE_BF_STOCK_ADJUSTMENT_REPORT','1',NOW(),'1',NOW());
INSERT INTO `fasp`.`us_role_business_function`(`ROLE_BUSINESS_FUNCTION_ID`,`ROLE_ID`,`BUSINESS_FUNCTION_ID`,`CREATED_BY`,`CREATED_DATE`,`LAST_MODIFIED_BY`,`LAST_MODIFIED_DATE`) VALUES ( NULL,'ROLE_REPORT_USER','ROLE_BF_STOCK_ADJUSTMENT_REPORT','1',NOW(),'1',NOW());

INSERT INTO `fasp`.`us_role_business_function`(`ROLE_BUSINESS_FUNCTION_ID`,`ROLE_ID`,`BUSINESS_FUNCTION_ID`,`CREATED_BY`,`CREATED_DATE`,`LAST_MODIFIED_BY`,`LAST_MODIFIED_DATE`) VALUES ( NULL,'ROLE_PROGRAM_ADMIN','ROLE_BF_WAREHOUSE_CAPACITY_REPORT','1',NOW(),'1',NOW());
INSERT INTO `fasp`.`us_role_business_function`(`ROLE_BUSINESS_FUNCTION_ID`,`ROLE_ID`,`BUSINESS_FUNCTION_ID`,`CREATED_BY`,`CREATED_DATE`,`LAST_MODIFIED_BY`,`LAST_MODIFIED_DATE`) VALUES ( NULL,'ROLE_PROGRAM_USER','ROLE_BF_WAREHOUSE_CAPACITY_REPORT','1',NOW(),'1',NOW());
INSERT INTO `fasp`.`us_role_business_function`(`ROLE_BUSINESS_FUNCTION_ID`,`ROLE_ID`,`BUSINESS_FUNCTION_ID`,`CREATED_BY`,`CREATED_DATE`,`LAST_MODIFIED_BY`,`LAST_MODIFIED_DATE`) VALUES ( NULL,'ROLE_GUEST_USER','ROLE_BF_WAREHOUSE_CAPACITY_REPORT','1',NOW(),'1',NOW());
INSERT INTO `fasp`.`us_role_business_function`(`ROLE_BUSINESS_FUNCTION_ID`,`ROLE_ID`,`BUSINESS_FUNCTION_ID`,`CREATED_BY`,`CREATED_DATE`,`LAST_MODIFIED_BY`,`LAST_MODIFIED_DATE`) VALUES ( NULL,'ROLE_APPLICATION_ADMIN','ROLE_BF_WAREHOUSE_CAPACITY_REPORT','1',NOW(),'1',NOW());
INSERT INTO `fasp`.`us_role_business_function`(`ROLE_BUSINESS_FUNCTION_ID`,`ROLE_ID`,`BUSINESS_FUNCTION_ID`,`CREATED_BY`,`CREATED_DATE`,`LAST_MODIFIED_BY`,`LAST_MODIFIED_DATE`) VALUES ( NULL,'ROLE_REALM_ADMIN','ROLE_BF_WAREHOUSE_CAPACITY_REPORT','1',NOW(),'1',NOW());
INSERT INTO `fasp`.`us_role_business_function`(`ROLE_BUSINESS_FUNCTION_ID`,`ROLE_ID`,`BUSINESS_FUNCTION_ID`,`CREATED_BY`,`CREATED_DATE`,`LAST_MODIFIED_BY`,`LAST_MODIFIED_DATE`) VALUES ( NULL,'ROLE_REPORT_USER','ROLE_BF_WAREHOUSE_CAPACITY_REPORT','1',NOW(),'1',NOW());

INSERT INTO `fasp`.`us_role_business_function`(`ROLE_BUSINESS_FUNCTION_ID`,`ROLE_ID`,`BUSINESS_FUNCTION_ID`,`CREATED_BY`,`CREATED_DATE`,`LAST_MODIFIED_BY`,`LAST_MODIFIED_DATE`) VALUES ( NULL,'ROLE_APPLICATION_ADMIN','ROLE_BF_SHIPMENT_OVERVIEW_REPORT','1',NOW(),'1',NOW());
INSERT INTO `fasp`.`us_role_business_function`(`ROLE_BUSINESS_FUNCTION_ID`,`ROLE_ID`,`BUSINESS_FUNCTION_ID`,`CREATED_BY`,`CREATED_DATE`,`LAST_MODIFIED_BY`,`LAST_MODIFIED_DATE`) VALUES ( NULL,'ROLE_REALM_ADMIN','ROLE_BF_SHIPMENT_OVERVIEW_REPORT','1',NOW(),'1',NOW());
INSERT INTO `fasp`.`us_role_business_function`(`ROLE_BUSINESS_FUNCTION_ID`,`ROLE_ID`,`BUSINESS_FUNCTION_ID`,`CREATED_BY`,`CREATED_DATE`,`LAST_MODIFIED_BY`,`LAST_MODIFIED_DATE`) VALUES ( NULL,'ROLE_REPORT_USER','ROLE_BF_SHIPMENT_OVERVIEW_REPORT','1',NOW(),'1',NOW());

INSERT INTO `fasp`.`us_role_business_function`(`ROLE_BUSINESS_FUNCTION_ID`,`ROLE_ID`,`BUSINESS_FUNCTION_ID`,`CREATED_BY`,`CREATED_DATE`,`LAST_MODIFIED_BY`,`LAST_MODIFIED_DATE`) VALUES ( NULL,'ROLE_PROGRAM_ADMIN','ROLE_BF_SHIPMENT_DETAILS_REPORT','1',NOW(),'1',NOW());
INSERT INTO `fasp`.`us_role_business_function`(`ROLE_BUSINESS_FUNCTION_ID`,`ROLE_ID`,`BUSINESS_FUNCTION_ID`,`CREATED_BY`,`CREATED_DATE`,`LAST_MODIFIED_BY`,`LAST_MODIFIED_DATE`) VALUES ( NULL,'ROLE_PROGRAM_USER','ROLE_BF_SHIPMENT_DETAILS_REPORT','1',NOW(),'1',NOW());
INSERT INTO `fasp`.`us_role_business_function`(`ROLE_BUSINESS_FUNCTION_ID`,`ROLE_ID`,`BUSINESS_FUNCTION_ID`,`CREATED_BY`,`CREATED_DATE`,`LAST_MODIFIED_BY`,`LAST_MODIFIED_DATE`) VALUES ( NULL,'ROLE_GUEST_USER','ROLE_BF_SHIPMENT_DETAILS_REPORT','1',NOW(),'1',NOW());
INSERT INTO `fasp`.`us_role_business_function`(`ROLE_BUSINESS_FUNCTION_ID`,`ROLE_ID`,`BUSINESS_FUNCTION_ID`,`CREATED_BY`,`CREATED_DATE`,`LAST_MODIFIED_BY`,`LAST_MODIFIED_DATE`) VALUES ( NULL,'ROLE_APPLICATION_ADMIN','ROLE_BF_SHIPMENT_DETAILS_REPORT','1',NOW(),'1',NOW());
INSERT INTO `fasp`.`us_role_business_function`(`ROLE_BUSINESS_FUNCTION_ID`,`ROLE_ID`,`BUSINESS_FUNCTION_ID`,`CREATED_BY`,`CREATED_DATE`,`LAST_MODIFIED_BY`,`LAST_MODIFIED_DATE`) VALUES ( NULL,'ROLE_REALM_ADMIN','ROLE_BF_SHIPMENT_DETAILS_REPORT','1',NOW(),'1',NOW());
INSERT INTO `fasp`.`us_role_business_function`(`ROLE_BUSINESS_FUNCTION_ID`,`ROLE_ID`,`BUSINESS_FUNCTION_ID`,`CREATED_BY`,`CREATED_DATE`,`LAST_MODIFIED_BY`,`LAST_MODIFIED_DATE`) VALUES ( NULL,'ROLE_REPORT_USER','ROLE_BF_SHIPMENT_DETAILS_REPORT','1',NOW(),'1',NOW());

INSERT INTO `fasp`.`us_role_business_function`(`ROLE_BUSINESS_FUNCTION_ID`,`ROLE_ID`,`BUSINESS_FUNCTION_ID`,`CREATED_BY`,`CREATED_DATE`,`LAST_MODIFIED_BY`,`LAST_MODIFIED_DATE`) VALUES ( NULL,'ROLE_PROGRAM_ADMIN','ROLE_BF_BUDGET_REPORT','1',NOW(),'1',NOW());
INSERT INTO `fasp`.`us_role_business_function`(`ROLE_BUSINESS_FUNCTION_ID`,`ROLE_ID`,`BUSINESS_FUNCTION_ID`,`CREATED_BY`,`CREATED_DATE`,`LAST_MODIFIED_BY`,`LAST_MODIFIED_DATE`) VALUES ( NULL,'ROLE_PROGRAM_USER','ROLE_BF_BUDGET_REPORT','1',NOW(),'1',NOW());
INSERT INTO `fasp`.`us_role_business_function`(`ROLE_BUSINESS_FUNCTION_ID`,`ROLE_ID`,`BUSINESS_FUNCTION_ID`,`CREATED_BY`,`CREATED_DATE`,`LAST_MODIFIED_BY`,`LAST_MODIFIED_DATE`) VALUES ( NULL,'ROLE_GUEST_USER','ROLE_BF_BUDGET_REPORT','1',NOW(),'1',NOW());
INSERT INTO `fasp`.`us_role_business_function`(`ROLE_BUSINESS_FUNCTION_ID`,`ROLE_ID`,`BUSINESS_FUNCTION_ID`,`CREATED_BY`,`CREATED_DATE`,`LAST_MODIFIED_BY`,`LAST_MODIFIED_DATE`) VALUES ( NULL,'ROLE_APPLICATION_ADMIN','ROLE_BF_BUDGET_REPORT','1',NOW(),'1',NOW());
INSERT INTO `fasp`.`us_role_business_function`(`ROLE_BUSINESS_FUNCTION_ID`,`ROLE_ID`,`BUSINESS_FUNCTION_ID`,`CREATED_BY`,`CREATED_DATE`,`LAST_MODIFIED_BY`,`LAST_MODIFIED_DATE`) VALUES ( NULL,'ROLE_REALM_ADMIN','ROLE_BF_BUDGET_REPORT','1',NOW(),'1',NOW());
INSERT INTO `fasp`.`us_role_business_function`(`ROLE_BUSINESS_FUNCTION_ID`,`ROLE_ID`,`BUSINESS_FUNCTION_ID`,`CREATED_BY`,`CREATED_DATE`,`LAST_MODIFIED_BY`,`LAST_MODIFIED_DATE`) VALUES ( NULL,'ROLE_REPORT_USER','ROLE_BF_BUDGET_REPORT','1',NOW(),'1',NOW());

INSERT INTO `fasp`.`us_role_business_function`(`ROLE_BUSINESS_FUNCTION_ID`,`ROLE_ID`,`BUSINESS_FUNCTION_ID`,`CREATED_BY`,`CREATED_DATE`,`LAST_MODIFIED_BY`,`LAST_MODIFIED_DATE`) VALUES ( NULL,'ROLE_PROGRAM_ADMIN','ROLE_BF_EXPIRIES_REPORT','1',NOW(),'1',NOW());
INSERT INTO `fasp`.`us_role_business_function`(`ROLE_BUSINESS_FUNCTION_ID`,`ROLE_ID`,`BUSINESS_FUNCTION_ID`,`CREATED_BY`,`CREATED_DATE`,`LAST_MODIFIED_BY`,`LAST_MODIFIED_DATE`) VALUES ( NULL,'ROLE_PROGRAM_USER','ROLE_BF_EXPIRIES_REPORT','1',NOW(),'1',NOW());
INSERT INTO `fasp`.`us_role_business_function`(`ROLE_BUSINESS_FUNCTION_ID`,`ROLE_ID`,`BUSINESS_FUNCTION_ID`,`CREATED_BY`,`CREATED_DATE`,`LAST_MODIFIED_BY`,`LAST_MODIFIED_DATE`) VALUES ( NULL,'ROLE_GUEST_USER','ROLE_BF_EXPIRIES_REPORT','1',NOW(),'1',NOW());
INSERT INTO `fasp`.`us_role_business_function`(`ROLE_BUSINESS_FUNCTION_ID`,`ROLE_ID`,`BUSINESS_FUNCTION_ID`,`CREATED_BY`,`CREATED_DATE`,`LAST_MODIFIED_BY`,`LAST_MODIFIED_DATE`) VALUES ( NULL,'ROLE_APPLICATION_ADMIN','ROLE_BF_EXPIRIES_REPORT','1',NOW(),'1',NOW());
INSERT INTO `fasp`.`us_role_business_function`(`ROLE_BUSINESS_FUNCTION_ID`,`ROLE_ID`,`BUSINESS_FUNCTION_ID`,`CREATED_BY`,`CREATED_DATE`,`LAST_MODIFIED_BY`,`LAST_MODIFIED_DATE`) VALUES ( NULL,'ROLE_REALM_ADMIN','ROLE_BF_EXPIRIES_REPORT','1',NOW(),'1',NOW());
INSERT INTO `fasp`.`us_role_business_function`(`ROLE_BUSINESS_FUNCTION_ID`,`ROLE_ID`,`BUSINESS_FUNCTION_ID`,`CREATED_BY`,`CREATED_DATE`,`LAST_MODIFIED_BY`,`LAST_MODIFIED_DATE`) VALUES ( NULL,'ROLE_REPORT_USER','ROLE_BF_EXPIRIES_REPORT','1',NOW(),'1',NOW());

INSERT INTO `fasp`.`us_role_business_function`(`ROLE_BUSINESS_FUNCTION_ID`,`ROLE_ID`,`BUSINESS_FUNCTION_ID`,`CREATED_BY`,`CREATED_DATE`,`LAST_MODIFIED_BY`,`LAST_MODIFIED_DATE`) VALUES ( NULL,'ROLE_PROGRAM_ADMIN','ROLE_BF_SHIPMENT_COST_DETAILS_REPORT','1',NOW(),'1',NOW());
INSERT INTO `fasp`.`us_role_business_function`(`ROLE_BUSINESS_FUNCTION_ID`,`ROLE_ID`,`BUSINESS_FUNCTION_ID`,`CREATED_BY`,`CREATED_DATE`,`LAST_MODIFIED_BY`,`LAST_MODIFIED_DATE`) VALUES ( NULL,'ROLE_PROGRAM_USER','ROLE_BF_SHIPMENT_COST_DETAILS_REPORT','1',NOW(),'1',NOW());
INSERT INTO `fasp`.`us_role_business_function`(`ROLE_BUSINESS_FUNCTION_ID`,`ROLE_ID`,`BUSINESS_FUNCTION_ID`,`CREATED_BY`,`CREATED_DATE`,`LAST_MODIFIED_BY`,`LAST_MODIFIED_DATE`) VALUES ( NULL,'ROLE_GUEST_USER','ROLE_BF_SHIPMENT_COST_DETAILS_REPORT','1',NOW(),'1',NOW());
INSERT INTO `fasp`.`us_role_business_function`(`ROLE_BUSINESS_FUNCTION_ID`,`ROLE_ID`,`BUSINESS_FUNCTION_ID`,`CREATED_BY`,`CREATED_DATE`,`LAST_MODIFIED_BY`,`LAST_MODIFIED_DATE`) VALUES ( NULL,'ROLE_APPLICATION_ADMIN','ROLE_BF_SHIPMENT_COST_DETAILS_REPORT','1',NOW(),'1',NOW());
INSERT INTO `fasp`.`us_role_business_function`(`ROLE_BUSINESS_FUNCTION_ID`,`ROLE_ID`,`BUSINESS_FUNCTION_ID`,`CREATED_BY`,`CREATED_DATE`,`LAST_MODIFIED_BY`,`LAST_MODIFIED_DATE`) VALUES ( NULL,'ROLE_REALM_ADMIN','ROLE_BF_SHIPMENT_COST_DETAILS_REPORT','1',NOW(),'1',NOW());
INSERT INTO `fasp`.`us_role_business_function`(`ROLE_BUSINESS_FUNCTION_ID`,`ROLE_ID`,`BUSINESS_FUNCTION_ID`,`CREATED_BY`,`CREATED_DATE`,`LAST_MODIFIED_BY`,`LAST_MODIFIED_DATE`) VALUES ( NULL,'ROLE_REPORT_USER','ROLE_BF_SHIPMENT_COST_DETAILS_REPORT','1',NOW(),'1',NOW());




UPDATE `fasp`.`ap_label` SET `LABEL_EN`='QAT Problem List' WHERE `LABEL_ID`=101;
UPDATE `fasp`.`ap_label` SET `LABEL_EN`='Program Catalog' WHERE `LABEL_ID`=92;
UPDATE `fasp`.`ap_label` SET `LABEL_EN`='Stock Status Over Time' WHERE `LABEL_ID`=96;
UPDATE `fasp`.`ap_label` SET `LABEL_EN`='Stock Status Matrix' WHERE `LABEL_ID`=97;
UPDATE `fasp`.`ap_label` SET `LABEL_EN`='Stock Status Snapshot' WHERE `LABEL_ID`=100;
UPDATE `fasp`.`ap_label` SET `LABEL_EN`='Stock Status Snapshot (Global)' WHERE `LABEL_ID`=1117;
UPDATE `fasp`.`ap_label` SET `LABEL_EN`='Consumption (Forecast vs. Actual)' WHERE `LABEL_ID`=93;
UPDATE `fasp`.`ap_label` SET `LABEL_EN`='Consumption (Global)' WHERE `LABEL_ID`=94;
UPDATE `fasp`.`ap_label` SET `LABEL_EN`='Forecast Error (Monthly)' WHERE `LABEL_ID`=95;
UPDATE `fasp`.`ap_label` SET `LABEL_EN`='Forecast Error (by Planning Unit)' WHERE `LABEL_ID`=98;
UPDATE `fasp`.`ap_label` SET `LABEL_EN`='Shipments (Global)' WHERE `LABEL_ID`=1115;
UPDATE `fasp`.`ap_label` SET `LABEL_EN`='Shipment Cost Overview' WHERE `LABEL_ID`=99;
UPDATE `fasp`.`ap_label` SET `LABEL_EN`='Cost of Inventory' WHERE `LABEL_ID`=1124;
UPDATE `fasp`.`ap_label` SET `LABEL_EN`='Inventory Turns' WHERE `LABEL_ID`=1125;
UPDATE `fasp`.`ap_label` SET `LABEL_EN`='Procurement Agent Lead Time' WHERE `LABEL_ID`=103;
UPDATE `fasp`.`ap_label` SET `LABEL_EN`='Warehouse Capacity (by Country)' WHERE `LABEL_ID`=85;