-- #########################################################################################################
-- One time run
-- #########################################################################################################
ALTER TABLE `fasp`.`us_user_acl` ADD COLUMN `ROLE_ID` VARCHAR(50) NULL AFTER `USER_ID`;

INSERT INTO ap_label VALUES (null, 'View Master Data', null, null, null, 1, now(), 1, now(), 24);
INSERT INTO us_business_function VALUES ('ROLE_BF_LIST_MASTER_DATA', LAST_INSERT_ID(), 1, now(), 1, now());
INSERT INTO us_role_business_function VALUES 
    (null, 'ROLE_APPLICATION_ADMIN', 'ROLE_BF_LIST_MASTER_DATA', 1, now(), 1, now()),
    (null, 'ROLE_INTERNAL_USER', 'ROLE_BF_LIST_MASTER_DATA', 1, now(), 1, now()),
    (null, 'ROLE_REALM_ADMIN', 'ROLE_BF_LIST_MASTER_DATA', 1, now(), 1, now()),
    (null, 'ROLE_TRAINER_ADMIN', 'ROLE_BF_LIST_MASTER_DATA', 1, now(), 1, now()),
    (null, 'ROLE_PROGRAM_ADMIN', 'ROLE_BF_LIST_MASTER_DATA', 1, now(), 1, now()),
    (null, 'ROLE_PROGRAM_USER', 'ROLE_BF_LIST_MASTER_DATA', 1, now(), 1, now()),
    (null, 'ROLE_VIEW_DATA_ENTRY', 'ROLE_BF_LIST_MASTER_DATA', 1, now(), 1, now()),
    (null, 'ROLE_REPORT_USER', 'ROLE_BF_LIST_MASTER_DATA', 1, now(), 1, now()),
    (null, 'ROLE_DATASET_ADMIN', 'ROLE_BF_LIST_MASTER_DATA', 1, now(), 1, now()),
    (null, 'ROLE_DATASET_USER', 'ROLE_BF_LIST_MASTER_DATA', 1, now(), 1, now()),
    (null, 'ROLE_FORECAST_VIEWER', 'ROLE_BF_LIST_MASTER_DATA', 1, now(), 1, now()),
    (null, 'ROLE_GUEST_USER', 'ROLE_BF_LIST_MASTER_DATA', 1, now(), 1, now());

INSERT INTO us_role_business_function VALUES (null, 'ROLE_INTERNAL_USER', 'ROLE_BF_ADD_MODELING_TYPE', 1, now(), 1, now()), (null, 'ROLE_REALM_ADMIN', 'ROLE_BF_ADD_MODELING_TYPE', 1, now(), 1, now());
UPDATE us_user u set u.REALM_ID=null where u.USER_ID=36;
SET FOREIGN_KEY_CHECKS=0;
INSERT INTO ap_label VALUES (null, 'Forecast Dropdowns', null, null, null, 1, now(), 1, now(), 1);
INSERT INTO us_business_function values ('ROLE_BF_DROPDOWN_FC', last_insert_id(), 1, now(), 1, now());
INSERT INTO ap_label VALUES (null, 'Logged in', null, null, null, 1, now(), 1, now(), 1);
INSERT INTO us_business_function values ('ROLE_BF_LOGGED_IN', last_insert_id(), 1, now(), 1, now());
UPDATE us_business_function bf LEFT JOIN ap_label l ON bf.LABEL_ID=l.LABEL_ID SET bf.BUSINESS_FUNCTION_ID='ROLE_BF_DROPDOWN_SP', l.LABEL_EN='Supply Plan Dropdowns' WHERE bf.BUSINESS_FUNCTION_ID='ROLE_BF_TICKETING';
UPDATE us_role_business_function rbf SET rbf.BUSINESS_FUNCTION_ID='ROLE_BF_DROPDOWN_SP' WHERE rbf.BUSINESS_FUNCTION_ID='ROLE_BF_TICKETING';
SET FOREIGN_KEY_CHECKS=1;
UPDATE us_role_business_function rbf SET rbf.BUSINESS_FUNCTION_ID='ROLE_BF_DROPDOWN_FC' WHERE rbf.BUSINESS_FUNCTION_ID='ROLE_BF_DROPDOWN_SP' AND rbf.ROLE_ID IN ('ROLE_DATASET_ADMIN','ROLE_DATASET_USER','ROLE_FORECAST_VIEWER');
INSERT INTO us_role_business_function VALUES (null, 'ROLE_APPLICATION_ADMIN', 'ROLE_BF_DROPDOWN_FC', 1, now(), 1, now());
INSERT INTO us_role_business_function VALUES (null, 'ROLE_INTERNAL_USER', 'ROLE_BF_DROPDOWN_FC', 1, now(), 1, now());
INSERT INTO us_role_business_function VALUES (null, 'ROLE_TRAINER_ADMIN', 'ROLE_BF_DROPDOWN_FC', 1, now(), 1, now());
INSERT INTO us_role_business_function VALUES (null, 'ROLE_REALM_ADMIN', 'ROLE_BF_DROPDOWN_FC', 1, now(), 1, now());
INSERT INTO us_role_business_function SELECT null, r.ROLE_ID, 'ROLE_BF_LOGGED_IN', 1, now(), 1, now() FROM us_role r;

INSERT INTO ap_label VALUES (null, 'Enhanced Supply Plan Dashboard', null, null, null, 1, now(), 1, now(), 1);
INSERT INTO us_business_function values ('ROLE_BF_SP_DASHBOARD', last_insert_id(), 1, now(), 1, now());
INSERT INTO us_role_business_function SELECT null, r.ROLE_ID, 'ROLE_BF_SP_DASHBOARD', 1, now(), 1, now() FROM us_role r WHERE r.ROLE_ID IN ('ROLE_REALM_ADMIN', 'ROLE_INTERNAL_USER', 'ROLE_PROGRAM_ADMIN', 'ROLE_PROGRAM_USER', 'ROLE_TRAINER_ADMIN', 'ROLE_REPORT_USER');

-- #########################################################################################################

DROP TABLE IF EXISTS `fasp`.`temp_security`;
CREATE TABLE `fasp`.`temp_security` (
  `SECURITY_ID` INT UNSIGNED NOT NULL AUTO_INCREMENT,
  `METHOD` INT NOT NULL,
  `URL_LIST` TEXT NOT NULL,
  `BF_LIST` TEXT NOT NULL,
  PRIMARY KEY (`SECURITY_ID`));

DROP TABLE IF EXISTS `fasp`.`ap_security`;

CREATE TABLE `fasp`.`ap_security` (
  `SECURITY_ID` INT UNSIGNED NOT NULL AUTO_INCREMENT,
  `METHOD` int NOT NULL,
  `URL` VARCHAR(100) NOT NULL,
  `BF` VARCHAR(50) NOT NULL,
  PRIMARY KEY (`SECURITY_ID`));
ALTER TABLE `fasp`.`ap_security` ADD UNIQUE INDEX `index2` (`METHOD` ASC, `URL` ASC, `BF` ASC) VISIBLE;

TRUNCATE TABLE temp_security;

INSERT IGNORE INTO temp_security VALUES (null, 1, '/api/logout', 'ROLE_BF_LOGGED_IN');
INSERT IGNORE INTO temp_security VALUES (null, 2, '/api/user/agreement', 'ROLE_BF_LOGGED_IN');
INSERT IGNORE INTO temp_security VALUES (null, 2, '/api/user/changePassword', 'ROLE_BF_LOGGED_IN');
INSERT IGNORE INTO temp_security VALUES (null, 1, '/api/user/details', 'ROLE_BF_LOGGED_IN');
INSERT IGNORE INTO temp_security VALUES (null, 2, '/api/user/language', 'ROLE_BF_LOGGED_IN');
INSERT IGNORE INTO temp_security VALUES (null, 2, '/api/user/module/*', 'ROLE_BF_LOGGED_IN');
INSERT IGNORE INTO temp_security VALUES (null, 2, '/api/user/theme/*', 'ROLE_BF_LOGGED_IN');
INSERT IGNORE INTO temp_security VALUES (null, 1, '/file/*', 'ROLE_BF_LOGGED_IN');
INSERT IGNORE INTO temp_security VALUES (null, 2, '/api/ticket/addIssue', 'ROLE_BF_LOGGED_IN');
INSERT IGNORE INTO temp_security VALUES (null, 2, '/api/ticket/addIssueAttachment/*', 'ROLE_BF_LOGGED_IN');
INSERT IGNORE INTO temp_security VALUES (null, 1, '/api/ticket/openIssues', 'ROLE_BF_LOGGED_IN');
INSERT IGNORE INTO temp_security VALUES (null, 1, '/api/locales/**', 'ROLE_BF_LOGGED_IN');
INSERT IGNORE INTO temp_security VALUES (null, 1, '/api/sync/language/*', 'ROLE_BF_LOGGED_IN');
INSERT IGNORE INTO temp_security VALUES (null, 2, '/api/sync/allMasters/forPrograms/*', 'ROLE_BF_LOGGED_IN');
INSERT IGNORE INTO temp_security VALUES (null, 2, '/api/sync/treeAnchor', 'ROLE_BF_LOGGED_IN');
INSERT IGNORE INTO temp_security VALUES (null, 2, '/api/budget', 'ROLE_BF_ADD_BUDGET');
INSERT IGNORE INTO temp_security VALUES (null, 3, '/api/budget', 'ROLE_BF_EDIT_BUDGET');
INSERT IGNORE INTO temp_security VALUES (null, 1, '/api/budget', 'ROLE_BF_LIST_BUDGET~ROLE_BF_DROPDOWN_SP');
INSERT IGNORE INTO temp_security VALUES (null, 1, '/api/budget/*', 'ROLE_BF_LIST_BUDGET');
INSERT IGNORE INTO temp_security VALUES (null, 2, '/api/budget/programIds', 'ROLE_BF_LIST_BUDGET');
INSERT IGNORE INTO temp_security VALUES (null, 1, '/api/budget/realmId/*', 'ROLE_BF_LIST_BUDGET');
INSERT IGNORE INTO temp_security VALUES (null, 1, '/api/businessFunction', 'ROLE_BF_ADD_ROLE');
INSERT IGNORE INTO temp_security VALUES (null, 1, '/api/country', 'ROLE_BF_LIST_COUNTRY~ROLE_BF_DROPDOWN_SP~ROLE_BF_DROPDOWN_FC');
INSERT IGNORE INTO temp_security VALUES (null, 2, '/api/country', 'ROLE_BF_ADD_COUNTRY');
INSERT IGNORE INTO temp_security VALUES (null, 3, '/api/country', 'ROLE_BF_EDIT_COUNTRY');
INSERT IGNORE INTO temp_security VALUES (null, 1, '/api/country/*', 'ROLE_BF_LIST_COUNTRY');
INSERT IGNORE INTO temp_security VALUES (null, 1, '/api/country/*', 'ROLE_BF_LIST_COUNTRY~ROLE_BF_DROPDOWN_SP~ROLE_BF_DROPDOWN_FC');
INSERT IGNORE INTO temp_security VALUES (null, 2, '/api/currency', 'ROLE_BF_ADD_CURRENCY');
INSERT IGNORE INTO temp_security VALUES (null, 1, '/api/currency', 'ROLE_BF_LIST_CURRENCY~ROLE_BF_DROPDOWN_SP');
INSERT IGNORE INTO temp_security VALUES (null, 3, '/api/currency', 'ROLE_BF_EDIT_CURRENCY');
INSERT IGNORE INTO temp_security VALUES (null, 1, '/api/currency/*', 'ROLE_BF_LIST_CURRENCY');
INSERT IGNORE INTO temp_security VALUES (null, 1, '/api/currency/*', 'ROLE_BF_LIST_CURRENCY~ROLE_BF_DROPDOWN_SP');
INSERT IGNORE INTO temp_security VALUES (null, 1, '/api/dashboard/applicationLevel**', 'ROLE_BF_APP_LEVEL_DASHBOARD');
INSERT IGNORE INTO temp_security VALUES (null, 1, '/api/dashboard/applicationLevel**', 'ROLE_BF_APP_LEVEL_DASHBOARD');
INSERT IGNORE INTO temp_security VALUES (null, 1, '/api/dashboard/realmLevel**', 'ROLE_BF_APPLICATION_DASHBOARD');
INSERT IGNORE INTO temp_security VALUES (null, 1, '/api/dashboard/realmLevel**', 'ROLE_BF_APPLICATION_DASHBOARD');
INSERT IGNORE INTO temp_security VALUES (null, 1, '/api/dashboard/supplyPlanReviewerLevel', 'ROLE_BF_SP_REVIEW_LEVEL_DASHBOARD');
INSERT IGNORE INTO temp_security VALUES (null, 1, '/api/dashboard/supplyPlanTop', 'ROLE_BF_SP_DASHBOARD');
INSERT IGNORE INTO temp_security VALUES (null, 2, '/api/dashboard/supplyPlanBottom', 'ROLE_BF_SP_DASHBOARD');
INSERT IGNORE INTO temp_security VALUES (null, 2, '/api/dataSource', 'ROLE_BF_ADD_DATA_SOURCE');
INSERT IGNORE INTO temp_security VALUES (null, 1, '/api/dataSource', 'ROLE_BF_LIST_DATA_SOURCE~ROLE_BF_DROPDOWN_SP~ROLE_BF_DROPDOWN_FC');
INSERT IGNORE INTO temp_security VALUES (null, 3, '/api/dataSource', 'ROLE_BF_EDIT_DATA_SOURCE');
INSERT IGNORE INTO temp_security VALUES (null, 1, '/api/dataSource/**', 'ROLE_BF_LIST_DATA_SOURCE');
INSERT IGNORE INTO temp_security VALUES (null, 1, '/api/dataSource/**', 'ROLE_BF_LIST_DATA_SOURCE~ROLE_BF_DROPDOWN_SP~ROLE_BF_DROPDOWN_FC');
INSERT IGNORE INTO temp_security VALUES (null, 1, '/api/dataSource/**', 'ROLE_BF_LIST_DATA_SOURCE');
INSERT IGNORE INTO temp_security VALUES (null, 1, '/api/dataSource/**', 'ROLE_BF_LIST_DATA_SOURCE');
INSERT IGNORE INTO temp_security VALUES (null, 2, '/api/dataSourceType', 'ROLE_BF_ADD_DATA_SOURCE_TYPE');
INSERT IGNORE INTO temp_security VALUES (null, 1, '/api/dataSourceType', 'ROLE_BF_LIST_DATA_SOURCE_TYPE~ROLE_BF_DROPDOWN_SP~ROLE_BF_DROPDOWN_FC');
INSERT IGNORE INTO temp_security VALUES (null, 3, '/api/dataSourceType', 'ROLE_BF_EDIT_DATA_SOURCE_TYPE');
INSERT IGNORE INTO temp_security VALUES (null, 1, '/api/dataSourceType/**', 'ROLE_BF_LIST_DATA_SOURCE_TYPE');
INSERT IGNORE INTO temp_security VALUES (null, 1, '/api/dataSourceType/**', 'ROLE_BF_LIST_DATA_SOURCE_TYPE~ROLE_BF_DROPDOWN_SP~ROLE_BF_DROPDOWN_FC');
INSERT IGNORE INTO temp_security VALUES (null, 1, '/api/dataSourceType/**', 'ROLE_BF_LIST_DATA_SOURCE_TYPE');
INSERT IGNORE INTO temp_security VALUES (null, 2, '/api/dimension', 'ROLE_BF_ADD_DIMENSION');
INSERT IGNORE INTO temp_security VALUES (null, 3, '/api/dimension', 'ROLE_BF_EDIT_DIMENSION');
INSERT IGNORE INTO temp_security VALUES (null, 1, '/api/dimension', 'ROLE_BF_LIST_DIMENSION~ROLE_BF_DROPDOWN_SP~ROLE_BF_DROPDOWN_FC');
INSERT IGNORE INTO temp_security VALUES (null, 1, '/api/dimension/*', 'ROLE_BF_LIST_DIMENSION');
INSERT IGNORE INTO temp_security VALUES (null, 1, '/api/dimension/*', 'ROLE_BF_LIST_DIMENSION');
INSERT IGNORE INTO temp_security VALUES (null, 1, '/api/equivalencyUnit', 'ROLE_BF_LIST_EQUIVALENCY_UNIT~ROLE_BF_DROPDOWN_SP~ROLE_BF_DROPDOWN_FC');
INSERT IGNORE INTO temp_security VALUES (null, 2, '/api/equivalencyUnit', 'ROLE_BF_ADD_EQUIVALENCY_UNIT');
INSERT IGNORE INTO temp_security VALUES (null, 1, '/api/equivalencyUnit/**', 'ROLE_BF_LIST_EQUIVALENCY_UNIT~ROLE_BF_DROPDOWN_SP~ROLE_BF_DROPDOWN_FC');
INSERT IGNORE INTO temp_security VALUES (null, 1, '/api/equivalencyUnit/**', 'ROLE_BF_LIST_EQUIVALENCY_UNIT');
INSERT IGNORE INTO temp_security VALUES (null, 1, '/api/equivalencyUnit/mapping', 'ROLE_BF_LIST_EQUIVALENCY_UNIT_MAPPING');
INSERT IGNORE INTO temp_security VALUES (null, 2, '/api/equivalencyUnit/mapping', 'ROLE_BF_ADD_EQUIVALENCY_UNIT_MAPPING');
INSERT IGNORE INTO temp_security VALUES (null, 1, '/api/equivalencyUnit/mapping/**', 'ROLE_BF_LIST_EQUIVALENCY_UNIT_MAPPING');
INSERT IGNORE INTO temp_security VALUES (null, 2, '/api/forecastingUnit', 'ROLE_BF_ADD_FORECASTING_UNIT');
INSERT IGNORE INTO temp_security VALUES (null, 3, '/api/forecastingUnit', 'ROLE_BF_EDIT_FORECASTING_UNIT');
INSERT IGNORE INTO temp_security VALUES (null, 1, '/api/forecastingUnit', 'ROLE_BF_LIST_FORECASTING_UNIT~ROLE_BF_DROPDOWN_SP~ROLE_BF_DROPDOWN_FC');
INSERT IGNORE INTO temp_security VALUES (null, 1, '/api/forecastingUnit/**', 'ROLE_BF_LIST_FORECASTING_UNIT');
INSERT IGNORE INTO temp_security VALUES (null, 1, '/api/forecastingUnit/**', 'ROLE_BF_LIST_FORECASTING_UNIT~ROLE_BF_DROPDOWN_SP~ROLE_BF_DROPDOWN_FC');
INSERT IGNORE INTO temp_security VALUES (null, 2, '/api/forecastingUnit/**', 'ROLE_BF_LIST_FORECASTING_UNIT');
INSERT IGNORE INTO temp_security VALUES (null, 1, '/api/forecastingUnit/**', 'ROLE_BF_LIST_FORECASTING_UNIT');
INSERT IGNORE INTO temp_security VALUES (null, 1, '/api/forecastingUnit/**', 'ROLE_BF_LIST_FORECASTING_UNIT');
INSERT IGNORE INTO temp_security VALUES (null, 1, '/api/forecastingUnit/**', 'ROLE_BF_LIST_FORECASTING_UNIT');
INSERT IGNORE INTO temp_security VALUES (null, 1, '/api/forecastingUnit/**', 'ROLE_BF_LIST_FORECASTING_UNIT');
INSERT IGNORE INTO temp_security VALUES (null, 2, '/api/forecastingUnit/**', 'ROLE_BF_LIST_FORECASTING_UNIT');
INSERT IGNORE INTO temp_security VALUES (null, 2, '/api/forecastingUnit/**', 'ROLE_BF_LIST_FORECASTING_UNIT');
INSERT IGNORE INTO temp_security VALUES (null, 1, '/api/forecastMethod', 'ROLE_BF_LIST_FORECAST_METHOD');
INSERT IGNORE INTO temp_security VALUES (null, 2, '/api/forecastMethod', 'ROLE_BF_ADD_FORECAST_METHOD');
INSERT IGNORE INTO temp_security VALUES (null, 1, '/api/forecastMethod/*', 'ROLE_BF_LIST_FORECAST_METHOD');
INSERT IGNORE INTO temp_security VALUES (null, 2, '/api/forecastStats/*', 'ROLE_BF_COMMIT_DATASET');
INSERT IGNORE INTO temp_security VALUES (null, 2, '/api/forecastStats/*', 'ROLE_BF_COMMIT_DATASET');
INSERT IGNORE INTO temp_security VALUES (null, 2, '/api/forecastStats/*', 'ROLE_BF_COMMIT_DATASET');
INSERT IGNORE INTO temp_security VALUES (null, 2, '/api/fundingSource', 'ROLE_BF_ADD_FUNDING_SOURCE');
INSERT IGNORE INTO temp_security VALUES (null, 3, '/api/fundingSource', 'ROLE_BF_EDIT_FUNDING_SOURCE');
INSERT IGNORE INTO temp_security VALUES (null, 1, '/api/fundingSource', 'ROLE_BF_LIST_FUNDING_SOURCE~ROLE_BF_DROPDOWN_SP');
INSERT IGNORE INTO temp_security VALUES (null, 1, '/api/fundingSource/**', 'ROLE_BF_LIST_FUNDING_SOURCE');
INSERT IGNORE INTO temp_security VALUES (null, 1, '/api/fundingSource/**', 'ROLE_BF_LIST_FUNDING_SOURCE');
INSERT IGNORE INTO temp_security VALUES (null, 1, '/api/fundingSource/**', 'ROLE_BF_LIST_FUNDING_SOURCE');
INSERT IGNORE INTO temp_security VALUES (null, 2, '/api/fundingSourceType', 'ROLE_BF_ADD_FUNDING_SOURCE');
INSERT IGNORE INTO temp_security VALUES (null, 3, '/api/fundingSourceType', 'ROLE_BF_EDIT_FUNDING_SOURCE');
INSERT IGNORE INTO temp_security VALUES (null, 1, '/api/fundingSourceType', 'ROLE_BF_LIST_FUNDING_SOURCE');
INSERT IGNORE INTO temp_security VALUES (null, 1, '/api/fundingSourceType/**', 'ROLE_BF_LIST_FUNDING_SOURCE');
INSERT IGNORE INTO temp_security VALUES (null, 1, '/api/fundingSourceType/**', 'ROLE_BF_LIST_FUNDING_SOURCE');
INSERT IGNORE INTO temp_security VALUES (null, 2, '/api/healthArea', 'ROLE_BF_ADD_HEALTH_AREA');
INSERT IGNORE INTO temp_security VALUES (null, 3, '/api/healthArea', 'ROLE_BF_EDIT_HEALTH_AREA');
INSERT IGNORE INTO temp_security VALUES (null, 1, '/api/healthArea', 'ROLE_BF_LIST_HEALTH_AREA');
INSERT IGNORE INTO temp_security VALUES (null, 1, '/api/healthArea/**', 'ROLE_BF_LIST_HEALTH_AREA');
INSERT IGNORE INTO temp_security VALUES (null, 1, '/api/healthArea/**', 'ROLE_BF_LIST_HEALTH_AREA');
INSERT IGNORE INTO temp_security VALUES (null, 1, '/api/healthArea/**', 'ROLE_BF_LIST_HEALTH_AREA');
INSERT IGNORE INTO temp_security VALUES (null, 1, '/api/healthArea/**', 'ROLE_BF_LIST_HEALTH_AREA');
INSERT IGNORE INTO temp_security VALUES (null, 1, '/api/healthArea/**', 'ROLE_BF_LIST_HEALTH_AREA');
INSERT IGNORE INTO temp_security VALUES (null, 1, '/api/healthArea/**', 'ROLE_BF_LIST_HEALTH_AREA~ROLE_BF_DROPDOWN_SP~ROLE_BF_DROPDOWN_FC');
INSERT IGNORE INTO temp_security VALUES (null, 1, '/api/integration', 'ROLE_BF_LIST_INTEGRATION');
INSERT IGNORE INTO temp_security VALUES (null, 2, '/api/integration', 'ROLE_BF_ADD_INTEGRATION');
INSERT IGNORE INTO temp_security VALUES (null, 3, '/api/integration', 'ROLE_BF_EDIT_INTEGRATION');
INSERT IGNORE INTO temp_security VALUES (null, 1, '/api/integration/*', 'ROLE_BF_LIST_INTEGRATION');
INSERT IGNORE INTO temp_security VALUES (null, 1, '/api/integration/*', 'ROLE_BF_LIST_INTEGRATION');
INSERT IGNORE INTO temp_security VALUES (null, 1, '/api/integrationProgram', 'ROLE_BF_ADD_INTEGRATION_PROGRAM');
INSERT IGNORE INTO temp_security VALUES (null, 3, '/api/integrationProgram', 'ROLE_BF_ADD_INTEGRATION_PROGRAM');
INSERT IGNORE INTO temp_security VALUES (null, 1, '/api/integrationProgram/**', 'ROLE_BF_ADD_INTEGRATION_PROGRAM');
INSERT IGNORE INTO temp_security VALUES (null, 2, '/api/integrationProgram/**', 'ROLE_BF_MANUAL_INTEGRATION');
INSERT IGNORE INTO temp_security VALUES (null, 1, '/api/integrationProgram/**', 'ROLE_BF_ADD_INTEGRATION_PROGRAM');
INSERT IGNORE INTO temp_security VALUES (null, 1, '/api/master/*', 'ROLE_BF_LIST_MASTER_DATA');
INSERT IGNORE INTO temp_security VALUES (null, 1, '/api/master/*', 'ROLE_BF_LIST_MASTER_DATA');
INSERT IGNORE INTO temp_security VALUES (null, 1, '/api/master/*', 'ROLE_BF_LIST_MASTER_DATA');
INSERT IGNORE INTO temp_security VALUES (null, 1, '/api/master/*', 'ROLE_BF_LIST_MASTER_DATA');
INSERT IGNORE INTO temp_security VALUES (null, 1, '/api/master/*', 'ROLE_BF_LIST_MASTER_DATA');
INSERT IGNORE INTO temp_security VALUES (null, 1, '/api/master/*', 'ROLE_BF_LIST_MASTER_DATA');
INSERT IGNORE INTO temp_security VALUES (null, 1, '/api/modelingType', 'ROLE_BF_LIST_MODELING_TYPE');
INSERT IGNORE INTO temp_security VALUES (null, 2, '/api/modelingType', 'ROLE_BF_ADD_MODELING_TYPE');
INSERT IGNORE INTO temp_security VALUES (null, 1, '/api/modelingType/*', 'ROLE_BF_LIST_MODELING_TYPE');
INSERT IGNORE INTO temp_security VALUES (null, 2, '/api/organisation', 'ROLE_BF_ADD_ORGANIZATION');
INSERT IGNORE INTO temp_security VALUES (null, 3, '/api/organisation', 'ROLE_BF_EDIT_ORGANIZATION');
INSERT IGNORE INTO temp_security VALUES (null, 1, '/api/organisation', 'ROLE_BF_LIST_ORGANIZATION~ROLE_BF_DROPDOWN_SP~ROLE_BF_DROPDOWN_FC');
INSERT IGNORE INTO temp_security VALUES (null, 1, '/api/organisation/**', 'ROLE_BF_LIST_ORGANIZATION');
INSERT IGNORE INTO temp_security VALUES (null, 1, '/api/organisation/**', 'ROLE_BF_LIST_ORGANIZATION');
INSERT IGNORE INTO temp_security VALUES (null, 2, '/api/organisationType', 'ROLE_BF_ADD_ORGANIZATION_TYPE');
INSERT IGNORE INTO temp_security VALUES (null, 3, '/api/organisationType', 'ROLE_BF_EDIT_ORGANIZATION_TYPE');
INSERT IGNORE INTO temp_security VALUES (null, 1, '/api/organisationType', 'ROLE_BF_LIST_ORGANIZATION_TYPE');
INSERT IGNORE INTO temp_security VALUES (null, 1, '/api/organisationType/**', 'ROLE_BF_LIST_ORGANIZATION_TYPE');
INSERT IGNORE INTO temp_security VALUES (null, 1, '/api/organisationType/**', 'ROLE_BF_LIST_ORGANIZATION_TYPE');
INSERT IGNORE INTO temp_security VALUES (null, 1, '/api/organisationType/**', 'ROLE_BF_LIST_ORGANIZATION_TYPE');
INSERT IGNORE INTO temp_security VALUES (null, 1, '/api/planningUnit/**', 'ROLE_BF_LIST_PLANNING_UNIT');
INSERT IGNORE INTO temp_security VALUES (null, 1, '/api/planningUnit/**', 'ROLE_BF_LIST_PLANNING_UNIT~ROLE_BF_DROPDOWN_SP~ROLE_BF_DROPDOWN_FC');
INSERT IGNORE INTO temp_security VALUES (null, 2, '/api/planningUnit', 'ROLE_BF_ADD_PLANNING_UNIT');
INSERT IGNORE INTO temp_security VALUES (null, 3, '/api/planningUnit', 'ROLE_BF_EDIT_PLANNING_UNIT');
INSERT IGNORE INTO temp_security VALUES (null, 1, '/api/planningUnit', 'ROLE_BF_LIST_PLANNING_UNIT~ROLE_BF_DROPDOWN_SP~ROLE_BF_DROPDOWN_FC');
INSERT IGNORE INTO temp_security VALUES (null, 2, '/api/planningUnit/**', 'ROLE_BF_LIST_PLANNING_UNIT');
INSERT IGNORE INTO temp_security VALUES (null, 1, '/api/planningUnit/capacity/**', 'ROLE_BF_LIST_PLANNING_UNIT_CAPACITY');
INSERT IGNORE INTO temp_security VALUES (null, 1, '/api/planningUnit/capacity/**', 'ROLE_BF_LIST_PLANNING_UNIT_CAPACITY');
INSERT IGNORE INTO temp_security VALUES (null, 1, '/api/planningUnit/capacity/**', 'ROLE_BF_LIST_PLANNING_UNIT_CAPACITY');
INSERT IGNORE INTO temp_security VALUES (null, 3, '/api/planningUnit/capacity', 'ROLE_BF_MAP_PLANNING_UNIT_CAPACITY');
INSERT IGNORE INTO temp_security VALUES (null, 1, '/api/planningUnit/capacity/**', 'ROLE_BF_LIST_PLANNING_UNIT_CAPACITY');
INSERT IGNORE INTO temp_security VALUES (null, 1, '/api/planningUnit/capacity/**', 'ROLE_BF_LIST_PLANNING_UNIT_CAPACITY');
INSERT IGNORE INTO temp_security VALUES (null, 1, '/api/planningUnit/**', 'ROLE_BF_LIST_PLANNING_UNIT');
INSERT IGNORE INTO temp_security VALUES (null, 1, '/api/planningUnit/**', 'ROLE_BF_LIST_PLANNING_UNIT');
INSERT IGNORE INTO temp_security VALUES (null, 1, '/api/planningUnit/**', 'ROLE_BF_LIST_PLANNING_UNIT');
INSERT IGNORE INTO temp_security VALUES (null, 1, '/api/planningUnit/**', 'ROLE_BF_LIST_PLANNING_UNIT');
INSERT IGNORE INTO temp_security VALUES (null, 2, '/api/planningUnit/**', 'ROLE_BF_LIST_PLANNING_UNIT');
INSERT IGNORE INTO temp_security VALUES (null, 1, '/api/planningUnit/**', 'ROLE_BF_LIST_PLANNING_UNIT');
INSERT IGNORE INTO temp_security VALUES (null, 1, '/api/planningUnit/**', 'ROLE_BF_LIST_PLANNING_UNIT');
INSERT IGNORE INTO temp_security VALUES (null, 1, '/api/planningUnit/**', 'ROLE_BF_LIST_PLANNING_UNIT');
INSERT IGNORE INTO temp_security VALUES (null, 1, '/api/planningUnit/**', 'ROLE_BF_LIST_PLANNING_UNIT');
INSERT IGNORE INTO temp_security VALUES (null, 2, '/api/planningUnit/productCategoryList/active/realmCountryId/*', 'ROLE_BF_MANUAL_TAGGING');
INSERT IGNORE INTO temp_security VALUES (null, 1, '/api/planningUnit/**', 'ROLE_BF_LIST_PLANNING_UNIT');
INSERT IGNORE INTO temp_security VALUES (null, 2, '/api/planningUnit/**', 'ROLE_BF_LIST_PLANNING_UNIT');
INSERT IGNORE INTO temp_security VALUES (null, 1, '/api/planningUnit/**', 'ROLE_BF_LIST_PLANNING_UNIT');
INSERT IGNORE INTO temp_security VALUES (null, 2, '/api/planningUnit/**', 'ROLE_BF_LIST_PLANNING_UNIT');
INSERT IGNORE INTO temp_security VALUES (null, 2, '/api/procurementAgent', 'ROLE_BF_ADD_PROCUREMENT_AGENT');
INSERT IGNORE INTO temp_security VALUES (null, 3, '/api/procurementAgent', 'ROLE_BF_EDIT_PROCUREMENT_AGENT');
INSERT IGNORE INTO temp_security VALUES (null, 1, '/api/procurementAgent', 'ROLE_BF_LIST_PROCUREMENT_AGENT~ROLE_BF_DROPDOWN_SP');
INSERT IGNORE INTO temp_security VALUES (null, 1, '/api/procurementAgent/**', 'ROLE_BF_LIST_PROCUREMENT_AGENT');
INSERT IGNORE INTO temp_security VALUES (null, 1, '/api/procurementAgent/**', 'ROLE_BF_LIST_PROCUREMENT_AGENT');
INSERT IGNORE INTO temp_security VALUES (null, 3, '/api/procurementAgent/**', 'ROLE_BF_LIST_PROCUREMENT_AGENT');
INSERT IGNORE INTO temp_security VALUES (null, 1, '/api/procurementAgent/**', 'ROLE_BF_LIST_PROCUREMENT_AGENT');
INSERT IGNORE INTO temp_security VALUES (null, 2, '/api/procurementAgent/**', 'ROLE_BF_ADD_PROCUREMENT_AGENT');
INSERT IGNORE INTO temp_security VALUES (null, 3, '/api/procurementAgent/**', 'ROLE_BF_EDIT_PROCUREMENT_AGENT');
INSERT IGNORE INTO temp_security VALUES (null, 1, '/api/procurementAgent/**', 'ROLE_BF_LIST_PROCUREMENT_AGENT');
INSERT IGNORE INTO temp_security VALUES (null, 1, '/api/procurementAgent/**', 'ROLE_BF_LIST_PROCUREMENT_AGENT');
INSERT IGNORE INTO temp_security VALUES (null, 1, '/api/procurementAgent/**', 'ROLE_BF_LIST_PROCUREMENT_AGENT');
INSERT IGNORE INTO temp_security VALUES (null, 1, '/api/procurementAgent/**', 'ROLE_BF_LIST_PROCUREMENT_AGENT');
INSERT IGNORE INTO temp_security VALUES (null, 3, '/api/procurementAgent/**', 'ROLE_BF_LIST_PROCUREMENT_AGENT');
INSERT IGNORE INTO temp_security VALUES (null, 1, '/api/procurementAgent/**', 'ROLE_BF_LIST_PROCUREMENT_AGENT');
INSERT IGNORE INTO temp_security VALUES (null, 1, '/api/procurementAgent/**', 'ROLE_BF_LIST_PROCUREMENT_AGENT');
INSERT IGNORE INTO temp_security VALUES (null, 2, '/api/procurementAgentType', 'ROLE_BF_ADD_PROCUREMENT_AGENT');
INSERT IGNORE INTO temp_security VALUES (null, 3, '/api/procurementAgentType', 'ROLE_BF_EDIT_PROCUREMENT_AGENT');
INSERT IGNORE INTO temp_security VALUES (null, 1, '/api/procurementAgentType', 'ROLE_BF_LIST_PROCUREMENT_AGENT');
INSERT IGNORE INTO temp_security VALUES (null, 1, '/api/procurementAgentType/**', 'ROLE_BF_LIST_PROCUREMENT_AGENT');
INSERT IGNORE INTO temp_security VALUES (null, 1, '/api/procurementAgentType/**', 'ROLE_BF_LIST_PROCUREMENT_AGENT');
INSERT IGNORE INTO temp_security VALUES (null, 2, '/api/procurementUnit', 'ROLE_BF_ADD_PROCUREMENT_UNIT');
INSERT IGNORE INTO temp_security VALUES (null, 3, '/api/procurementUnit', 'ROLE_BF_EDIT_PROCUREMENT_UNIT');
INSERT IGNORE INTO temp_security VALUES (null, 1, '/api/procurementUnit', 'ROLE_BF_LIST_PROCUREMENT_UNIT~ROLE_BF_DROPDOWN_SP');
INSERT IGNORE INTO temp_security VALUES (null, 1, '/api/procurementUnit/**', 'ROLE_BF_LIST_PROCUREMENT_UNIT');
INSERT IGNORE INTO temp_security VALUES (null, 1, '/api/procurementUnit/**', 'ROLE_BF_LIST_PROCUREMENT_UNIT~ROLE_BF_DROPDOWN_SP');
INSERT IGNORE INTO temp_security VALUES (null, 1, '/api/procurementUnit/**', 'ROLE_BF_LIST_PROCUREMENT_UNIT');
INSERT IGNORE INTO temp_security VALUES (null, 1, '/api/procurementUnit/**', 'ROLE_BF_LIST_PROCUREMENT_UNIT');
INSERT IGNORE INTO temp_security VALUES (null, 1, '/api/procurementUnit/**', 'ROLE_BF_LIST_PROCUREMENT_UNIT');
INSERT IGNORE INTO temp_security VALUES (null, 1, '/api/procurementUnit/**', 'ROLE_BF_LIST_PROCUREMENT_UNIT');
INSERT IGNORE INTO temp_security VALUES (null, 3, '/api/productCategory', 'ROLE_BF_MANAGE_PRODUCT_CATEGORY');
INSERT IGNORE INTO temp_security VALUES (null, 1, '/api/productCategory/**', 'ROLE_BF_LIST_PRODUCT_CATEGORY');
INSERT IGNORE INTO temp_security VALUES (null, 1, '/api/productCategory/**', 'ROLE_BF_LIST_PRODUCT_CATEGORY');
INSERT IGNORE INTO temp_security VALUES (null, 1, '/api/productCategory/**', 'ROLE_BF_LIST_PRODUCT_CATEGORY');
INSERT IGNORE INTO temp_security VALUES (null, 2, '/api/realm', 'ROLE_BF_CREATE_REALM');
INSERT IGNORE INTO temp_security VALUES (null, 3, '/api/realm', 'ROLE_BF_EDIT_REALM');
INSERT IGNORE INTO temp_security VALUES (null, 1, '/api/realm', 'ROLE_BF_LIST_REALM');
INSERT IGNORE INTO temp_security VALUES (null, 1, '/api/realm/*', 'ROLE_BF_LIST_REALM');
INSERT IGNORE INTO temp_security VALUES (null, 2, '/api/realmCountry', 'ROLE_BF_MAP_REALM_COUNTRY');
INSERT IGNORE INTO temp_security VALUES (null, 3, '/api/realmCountry', 'ROLE_BF_MAP_REALM_COUNTRY');
INSERT IGNORE INTO temp_security VALUES (null, 1, '/api/realmCountry', 'ROLE_BF_LIST_REALM_COUNTRY');
INSERT IGNORE INTO temp_security VALUES (null, 1, '/api/realmCountry/**', 'ROLE_BF_LIST_REALM_COUNTRY');
INSERT IGNORE INTO temp_security VALUES (null, 1, '/api/realmCountry/**', 'ROLE_BF_MANAGE_REALM_COUNTRY_PLANNING_UNIT~ROLE_BF_DROPDOWN_SP');
INSERT IGNORE INTO temp_security VALUES (null, 1, '/api/realmCountry/**', 'ROLE_BF_MANAGE_REALM_COUNTRY_PLANNING_UNIT');
INSERT IGNORE INTO temp_security VALUES (null, 3, '/api/realmCountry/**', 'ROLE_BF_MANAGE_REALM_COUNTRY_PLANNING_UNIT');
INSERT IGNORE INTO temp_security VALUES (null, 1, '/api/realmCountry/**', 'ROLE_BF_LIST_REALM_COUNTRY');
INSERT IGNORE INTO temp_security VALUES (null, 1, '/api/realmCountry/**', 'ROLE_BF_LIST_REALM_COUNTRY');
INSERT IGNORE INTO temp_security VALUES (null, 2, '/api/realmCountry/**', 'ROLE_BF_MANAGE_REALM_COUNTRY_PLANNING_UNIT');
INSERT IGNORE INTO temp_security VALUES (null, 1, '/api/realmCountry/**', 'ROLE_BF_LIST_REALM_COUNTRY');
INSERT IGNORE INTO temp_security VALUES (null, 3, '/api/region', 'ROLE_BF_MAP_REGION');
INSERT IGNORE INTO temp_security VALUES (null, 1, '/api/region', 'ROLE_BF_MAP_REGION');
INSERT IGNORE INTO temp_security VALUES (null, 1, '/api/region/**', 'ROLE_BF_MAP_REGION');
INSERT IGNORE INTO temp_security VALUES (null, 1, '/api/region/**', 'ROLE_BF_MAP_REGION');
INSERT IGNORE INTO temp_security VALUES (null, 1, '/api/role', 'ROLE_BF_ADD_ROLE~ROLE_BF_DROPDOWN_SP~ROLE_BF_DROPDOWN_FC');
INSERT IGNORE INTO temp_security VALUES (null, 2, '/api/role', 'ROLE_BF_ADD_ROLE');
INSERT IGNORE INTO temp_security VALUES (null, 3, '/api/role', 'ROLE_BF_ADD_ROLE');
INSERT IGNORE INTO temp_security VALUES (null, 1, '/api/role/*', 'ROLE_BF_ADD_ROLE');
INSERT IGNORE INTO temp_security VALUES (null, 2, '/api/supplier', 'ROLE_BF_ADD_SUPPLIER');
INSERT IGNORE INTO temp_security VALUES (null, 3, '/api/supplier', 'ROLE_BF_EDIT_SUPPLIER');
INSERT IGNORE INTO temp_security VALUES (null, 1, '/api/supplier', 'ROLE_BF_LIST_SUPPLIER~ROLE_BF_DROPDOWN_SP');
INSERT IGNORE INTO temp_security VALUES (null, 1, '/api/supplier/**', 'ROLE_BF_LIST_SUPPLIER');
INSERT IGNORE INTO temp_security VALUES (null, 1, '/api/supplier/**', 'ROLE_BF_LIST_SUPPLIER');
INSERT IGNORE INTO temp_security VALUES (null, 2, '/api/tracerCategory', 'ROLE_BF_ADD_TRACER_CATEGORY');
INSERT IGNORE INTO temp_security VALUES (null, 3, '/api/tracerCategory', 'ROLE_BF_EDIT_TRACER_CATEGORY');
INSERT IGNORE INTO temp_security VALUES (null, 1, '/api/tracerCategory', 'ROLE_BF_LIST_TRACER_CATEGORY~ROLE_BF_DROPDOWN_SP~ROLE_BF_DROPDOWN_FC');
INSERT IGNORE INTO temp_security VALUES (null, 1, '/api/tracerCategory/**', 'ROLE_BF_LIST_TRACER_CATEGORY');
INSERT IGNORE INTO temp_security VALUES (null, 1, '/api/tracerCategory/**', 'ROLE_BF_LIST_TRACER_CATEGORY~ROLE_BF_DROPDOWN_SP~ROLE_BF_DROPDOWN_FC');
INSERT IGNORE INTO temp_security VALUES (null, 1, '/api/tracerCategory/**', 'ROLE_BF_LIST_TRACER_CATEGORY');
INSERT IGNORE INTO temp_security VALUES (null, 2, '/api/tracerCategory/**', 'ROLE_BF_LIST_TRACER_CATEGORY');
INSERT IGNORE INTO temp_security VALUES (null, 1, '/api/tracerCategory/**', 'ROLE_BF_LIST_TRACER_CATEGORY~ROLE_BF_DROPDOWN_SP~ROLE_BF_DROPDOWN_FC');
INSERT IGNORE INTO temp_security VALUES (null, 2, '/api/unit', 'ROLE_BF_ADD_UNIT');
INSERT IGNORE INTO temp_security VALUES (null, 3, '/api/unit', 'ROLE_BF_EDIT_UNIT');
INSERT IGNORE INTO temp_security VALUES (null, 1, '/api/unit', 'ROLE_BF_LIST_UNIT~ROLE_BF_DROPDOWN_SP~ROLE_BF_DROPDOWN_FC');
INSERT IGNORE INTO temp_security VALUES (null, 1, '/api/unit/**', 'ROLE_BF_LIST_UNIT~ROLE_BF_DROPDOWN_SP~ROLE_BF_DROPDOWN_FC');
INSERT IGNORE INTO temp_security VALUES (null, 1, '/api/usagePeriod', 'ROLE_BF_LIST_USAGE_PERIOD');
INSERT IGNORE INTO temp_security VALUES (null, 2, '/api/usagePeriod', 'ROLE_BF_ADD_USAGE_PERIOD');
INSERT IGNORE INTO temp_security VALUES (null, 1, '/api/usagePeriod/**', 'ROLE_BF_LIST_USAGE_PERIOD');
INSERT IGNORE INTO temp_security VALUES (null, 1, '/api/usageTemplate', 'ROLE_BF_LIST_USAGE_TEMPLATE');
INSERT IGNORE INTO temp_security VALUES (null, 2, '/api/usageTemplate', 'ROLE_BF_EDIT_USAGE_TEMPLATE~ROLE_BF_EDIT_USAGE_TEMPLATE_ALL~ROLE_BF_EDIT_USAGE_TEMPLATE_OWN');
INSERT IGNORE INTO temp_security VALUES (null, 1, '/api/usageTemplate/**', 'ROLE_BF_LIST_USAGE_TEMPLATE');
INSERT IGNORE INTO temp_security VALUES (null, 1, '/api/usageTemplate/**', 'ROLE_BF_LIST_USAGE_TEMPLATE');
INSERT IGNORE INTO temp_security VALUES (null, 1, '/api/user', 'ROLE_BF_LIST_USER');
INSERT IGNORE INTO temp_security VALUES (null, 2, '/api/user', 'ROLE_BF_ADD_USER');
INSERT IGNORE INTO temp_security VALUES (null, 3, '/api/user', 'ROLE_BF_EDIT_USER');
INSERT IGNORE INTO temp_security VALUES (null, 1, '/api/user/accessControls', 'ROLE_BF_LIST_USER');
INSERT IGNORE INTO temp_security VALUES (null, 3, '/api/user/accessControls', 'ROLE_BF_LIST_USER');
INSERT IGNORE INTO temp_security VALUES (null, 1, '/api/user/programId/*', 'ROLE_BF_LIST_USER');
INSERT IGNORE INTO temp_security VALUES (null, 1, '/api/user/realmId/*', 'ROLE_BF_LIST_USER');
INSERT IGNORE INTO temp_security VALUES (null, 1, '/api/commit/sendNotification/*', 'ROLE_BF_COMMIT_DATASET~ROLE_BF_COMMIT_VERSION');
INSERT IGNORE INTO temp_security VALUES (null, 2, '/api/commit/getCommitRequest/*', 'ROLE_BF_COMMIT_DATASET~ROLE_BF_COMMIT_VERSION');
INSERT IGNORE INTO temp_security VALUES (null, 3, '/api/commit/datasetData/*', 'ROLE_BF_COMMIT_DATASET');
INSERT IGNORE INTO temp_security VALUES (null, 3, '/api/commit/programData/*', 'ROLE_BF_COMMIT_VERSION');
INSERT IGNORE INTO temp_security VALUES (null, 2, '/api/dataset/versions**', 'ROLE_BF_LIST_DATASET');
INSERT IGNORE INTO temp_security VALUES (null, 2, '/api/datasetData', 'ROLE_BF_LIST_DATASET');
INSERT IGNORE INTO temp_security VALUES (null, 1, '/api/dataset*', 'ROLE_BF_LIST_DATASET');
INSERT IGNORE INTO temp_security VALUES (null, 2, '/api/dataset', 'ROLE_BF_ADD_DATASET');
INSERT IGNORE INTO temp_security VALUES (null, 3, '/api/dataset', 'ROLE_BF_EDIT_DATASET');
INSERT IGNORE INTO temp_security VALUES (null, 1, '/api/datasetData/programId/**', 'ROLE_BF_COMMIT_DATASET');
INSERT IGNORE INTO temp_security VALUES (null, 1, '/api/datasetData/programId/**', 'ROLE_BF_COMMIT_DATASET');
INSERT IGNORE INTO temp_security VALUES (null, 1, '/api/loadDataset', 'ROLE_BF_LOAD_DELETE_DATASET');
INSERT IGNORE INTO temp_security VALUES (null, 1, '/api/loadDataset/**', 'ROLE_BF_LOAD_DELETE_DATASET');
INSERT IGNORE INTO temp_security VALUES (null, 1, '/api/planningUnit/programId/**', 'ROLE_BF_EDIT_DATASET');
INSERT IGNORE INTO temp_security VALUES (null, 1, '/api/dropdown/program/dataset/realm/*', 'ROLE_BF_DROPDOWN_FC');
INSERT IGNORE INTO temp_security VALUES (null, 1, '/api/dropdown/program/supplyPlan/realm/*', 'ROLE_BF_DROPDOWN_SP');
INSERT IGNORE INTO temp_security VALUES (null, 1, '/api/dropdown/program/all/expanded/realm/*', 'ROLE_BF_DROPDOWN_SP~ROLE_BF_DROPDOWN_FC');
INSERT IGNORE INTO temp_security VALUES (null, 1, '/api/dropdown/program/sp/expanded/realm/*', 'ROLE_BF_DROPDOWN_SP');
INSERT IGNORE INTO temp_security VALUES (null, 1, '/api/dropdown/program/fc/expanded/realm/*', 'ROLE_BF_DROPDOWN_FC');
INSERT IGNORE INTO temp_security VALUES (null, 2, '/api/dropdown/program/sp/filter/healthAreaAndRealmCountry/realm/*', 'ROLE_BF_DROPDOWN_SP');
INSERT IGNORE INTO temp_security VALUES (null, 2, '/api/dropdown/program/fc/filter/healthAreaAndRealmCountry/realm/*', 'ROLE_BF_DROPDOWN_FC');
INSERT IGNORE INTO temp_security VALUES (null, 2, '/api/dropdown/program/sp/filter/multipleRealmCountry', 'ROLE_BF_DROPDOWN_SP');
INSERT IGNORE INTO temp_security VALUES (null, 2, '/api/dropdown/program/fc/filter/multipleRealmCountry', 'ROLE_BF_DROPDOWN_FC');
INSERT IGNORE INTO temp_security VALUES (null, 2, '/api/dropdown/planningUnit/autocomplete', 'ROLE_BF_DROPDOWN_SP~ROLE_BF_DROPDOWN_FC');
INSERT IGNORE INTO temp_security VALUES (null, 1, '/api/dropdown/planningUnit/autocomplete/filter/productCategory/**', 'ROLE_BF_DROPDOWN_SP~ROLE_BF_DROPDOWN_FC');
INSERT IGNORE INTO temp_security VALUES (null, 1, '/api/dropdown/planningUnit', 'ROLE_BF_DROPDOWN_SP~ROLE_BF_DROPDOWN_FC');
INSERT IGNORE INTO temp_security VALUES (null, 2, '/api/dropdown/forecastingUnit/autocomplete', 'ROLE_BF_DROPDOWN_SP~ROLE_BF_DROPDOWN_FC');
INSERT IGNORE INTO temp_security VALUES (null, 1, '/api/dropdown/forecastingUnit/autocomplete/filter/tracerCategory/**', 'ROLE_BF_DROPDOWN_SP~ROLE_BF_DROPDOWN_FC');
INSERT IGNORE INTO temp_security VALUES (null, 1, '/api/dropdown/forecastingUnit', 'ROLE_BF_DROPDOWN_SP~ROLE_BF_DROPDOWN_FC');
INSERT IGNORE INTO temp_security VALUES (null, 2, '/api/dropdown/forecastingUnit/filter/pcAndTc', 'ROLE_BF_DROPDOWN_SP~ROLE_BF_DROPDOWN_FC');
INSERT IGNORE INTO temp_security VALUES (null, 1, '/api/dropdown/realmCountry/realm/*', 'ROLE_BF_DROPDOWN_SP~ROLE_BF_DROPDOWN_FC');
INSERT IGNORE INTO temp_security VALUES (null, 1, '/api/dropdown/healthArea/realm/*', 'ROLE_BF_DROPDOWN_SP~ROLE_BF_DROPDOWN_FC');
INSERT IGNORE INTO temp_security VALUES (null, 1, '/api/dropdown/organisation/realm/*', 'ROLE_BF_DROPDOWN_SP~ROLE_BF_DROPDOWN_FC');
INSERT IGNORE INTO temp_security VALUES (null, 1, '/api/dropdown/organisation/realmCountryId/*', 'ROLE_BF_DROPDOWN_SP~ROLE_BF_DROPDOWN_FC');
INSERT IGNORE INTO temp_security VALUES (null, 1, '/api/dropdown/tracerCategory', 'ROLE_BF_DROPDOWN_SP~ROLE_BF_DROPDOWN_FC');
INSERT IGNORE INTO temp_security VALUES (null, 2, '/api/dropdown/tracerCategory/filter/multiplePrograms', 'ROLE_BF_DROPDOWN_SP~ROLE_BF_DROPDOWN_FC');
INSERT IGNORE INTO temp_security VALUES (null, 1, '/api/dropdown/fundingSource', 'ROLE_BF_DROPDOWN_SP');
INSERT IGNORE INTO temp_security VALUES (null, 1, '/api/dropdown/procurementAgent', 'ROLE_BF_DROPDOWN_SP');
INSERT IGNORE INTO temp_security VALUES (null, 2, '/api/dropdown/procurementAgent/filter/multiplePrograms', 'ROLE_BF_DROPDOWN_SP');
INSERT IGNORE INTO temp_security VALUES (null, 1, '/api/dropdown/equivalencyUnit', 'ROLE_BF_DROPDOWN_SP~ROLE_BF_DROPDOWN_FC');
INSERT IGNORE INTO temp_security VALUES (null, 1, '/api/dropdown/user', 'ROLE_BF_DROPDOWN_SP~ROLE_BF_DROPDOWN_FC');
INSERT IGNORE INTO temp_security VALUES (null, 2, '/api/dropdown/planningUnit/program/filter/multipleProgramAndTracerCategory', 'ROLE_BF_DROPDOWN_SP');
INSERT IGNORE INTO temp_security VALUES (null, 2, '/api/dropdown/planningUnit/dataset/filter/programAndVersion', 'ROLE_BF_DROPDOWN_FC');
INSERT IGNORE INTO temp_security VALUES (null, 2, '/api/dropdown/budget/filter/multipleFundingSources', 'ROLE_BF_DROPDOWN_SP');
INSERT IGNORE INTO temp_security VALUES (null, 1, '/api/dropdown/budget/program/*', 'ROLE_BF_DROPDOWN_SP');
INSERT IGNORE INTO temp_security VALUES (null, 1, '/api/dropdown/version/filter/sp/programId/*', 'ROLE_BF_DROPDOWN_SP');
INSERT IGNORE INTO temp_security VALUES (null, 1, '/api/dropdown/version/filter/fc/programId/*', 'ROLE_BF_DROPDOWN_FC');
INSERT IGNORE INTO temp_security VALUES (null, 2, '/api/dropdown/version/filter/sp/programs', 'ROLE_BF_DROPDOWN_SP');
INSERT IGNORE INTO temp_security VALUES (null, 2, '/api/dropdown/version/filter/fc/programs', 'ROLE_BF_DROPDOWN_FC');
INSERT IGNORE INTO temp_security VALUES (null, 1, '/api/dropdown/treeTemplate', 'ROLE_BF_DROPDOWN_FC');
INSERT IGNORE INTO temp_security VALUES (null, 1, '/api/dropdown/planningUnit/basic', 'ROLE_BF_DROPDOWN_SP~ROLE_BF_DROPDOWN_FC');
INSERT IGNORE INTO temp_security VALUES (null, 2, '/api/dropdown/fundingSource/programs', 'ROLE_BF_DROPDOWN_SP');
INSERT IGNORE INTO temp_security VALUES (null, 2, '/api/dropdown/fundingSourceType/programs', 'ROLE_BF_DROPDOWN_SP');
INSERT IGNORE INTO temp_security VALUES (null, 1, '/api/dropdown/program/versionStatus/**', 'ROLE_BF_DROPDOWN_SP~ROLE_BF_DROPDOWN_FC');
INSERT IGNORE INTO temp_security VALUES (null, 1, '/api/erpLinking/**', 'ROLE_BF_MANUAL_TAGGING~ROLE_BF_DELINKING');
INSERT IGNORE INTO temp_security VALUES (null, 2, '/api/erpLinking/**', 'ROLE_BF_MANUAL_TAGGING~ROLE_BF_DELINKING');
INSERT IGNORE INTO temp_security VALUES (null, 2, '/api/erpLinking/**', 'ROLE_BF_MANUAL_TAGGING~ROLE_BF_DELINKING');
INSERT IGNORE INTO temp_security VALUES (null, 2, '/api/erpLinking/**', 'ROLE_BF_MANUAL_TAGGING~ROLE_BF_DELINKING');
INSERT IGNORE INTO temp_security VALUES (null, 1, '/api/erpLinking/**', 'ROLE_BF_MANUAL_TAGGING~ROLE_BF_DELINKING');
INSERT IGNORE INTO temp_security VALUES (null, 1, '/api/erpLinking/**', 'ROLE_BF_MANUAL_TAGGING~ROLE_BF_DELINKING');
INSERT IGNORE INTO temp_security VALUES (null, 2, '/api/erpLinking/linkedShipments/programId/**', 'ROLE_BF_MANUAL_TAGGING~ROLE_BF_DELINKING');
INSERT IGNORE INTO temp_security VALUES (null, 2, '/api/erpLinking/**', 'ROLE_BF_MANUAL_TAGGING~ROLE_BF_DELINKING');
INSERT IGNORE INTO temp_security VALUES (null, 2, '/api/erpLinking/**', 'ROLE_BF_MANUAL_TAGGING~ROLE_BF_DELINKING');
INSERT IGNORE INTO temp_security VALUES (null, 2, '/api/erpLinking/**', 'ROLE_BF_MANUAL_TAGGING~ROLE_BF_DELINKING');
INSERT IGNORE INTO temp_security VALUES (null, 2, '/api/erpLinking/**', 'ROLE_BF_MANUAL_TAGGING~ROLE_BF_DELINKING');
INSERT IGNORE INTO temp_security VALUES (null, 1, '/api/erpLinking/productCategory/realmCountryId/*', 'ROLE_BF_MANUAL_TAGGING~ROLE_BF_DELINKING');
INSERT IGNORE INTO temp_security VALUES (null, 1, '/api/erpLinking/**', 'ROLE_BF_MANUAL_TAGGING~ROLE_BF_DELINKING');
INSERT IGNORE INTO temp_security VALUES (null, 2, '/api/erpLinking/**', 'ROLE_BF_MANUAL_TAGGING~ROLE_BF_DELINKING');
INSERT IGNORE INTO temp_security VALUES (null, 3, '/api/erpLinking/**', 'ROLE_BF_MANUAL_TAGGING~ROLE_BF_DELINKING');
INSERT IGNORE INTO temp_security VALUES (null, 2, '/api/export/dataset/**', 'ROLE_BF_COUNTRY_INTEGRATION_FC');
INSERT IGNORE INTO temp_security VALUES (null, 2, '/api/export/supplyPlan/**', 'ROLE_BF_COUNTRY_INTEGRATION_SP');
INSERT IGNORE INTO temp_security VALUES (null, 1, '/api/getDatabaseLabelsListAll', 'ROLE_BUSINESS_FUNCTION_EDIT_APPLICATION_LABELS~ROLE_BUSINESS_FUNCTION_EDIT_REALM_LABELS~ROLE_BUSINESS_FUNCTION_EDIT_PROGRAM_LABELS');
INSERT IGNORE INTO temp_security VALUES (null, 1, '/api/getStaticLabelsListAll', 'ROLE_BF_LABEL_TRANSLATIONS');
INSERT IGNORE INTO temp_security VALUES (null, 3, '/api/saveDatabaseLabels', 'ROLE_BUSINESS_FUNCTION_EDIT_APPLICATION_LABELS~ROLE_BUSINESS_FUNCTION_EDIT_REALM_LABELS~ROLE_BUSINESS_FUNCTION_EDIT_PROGRAM_LABELS');
INSERT IGNORE INTO temp_security VALUES (null, 3, '/api/saveStaticLabels', 'ROLE_BF_LABEL_TRANSLATIONS');
INSERT IGNORE INTO temp_security VALUES (null, 1, '/api/language', 'ROLE_BF_LIST_LANGUAGE~ROLE_BF_DROPDOWN_SP~ROLE_BF_DROPDOWN_FC');
INSERT IGNORE INTO temp_security VALUES (null, 2, '/api/language', 'ROLE_BF_ADD_LANGUAGE');
INSERT IGNORE INTO temp_security VALUES (null, 3, '/api/language', 'ROLE_BF_EDIT_LANGUAGE');
INSERT IGNORE INTO temp_security VALUES (null, 1, '/api/language/*', 'ROLE_BF_EDIT_LANGUAGE');
INSERT IGNORE INTO temp_security VALUES (null, 1, '/api/language/*', 'ROLE_BF_DROPDOWN_SP~ROLE_BF_DROPDOWN_FC');
INSERT IGNORE INTO temp_security VALUES (null, 2, '/api/pipeline/**', 'ROLE_BF_PIPELINE_PROGRAM_IMPORT');
INSERT IGNORE INTO temp_security VALUES (null, 1, '/api/pipeline', 'ROLE_BF_PIPELINE_PROGRAM_IMPORT');
INSERT IGNORE INTO temp_security VALUES (null, 1, '/api/pipeline/**', 'ROLE_BF_PIPELINE_PROGRAM_IMPORT');
INSERT IGNORE INTO temp_security VALUES (null, 1, '/api/pipeline/**', 'ROLE_BF_PIPELINE_PROGRAM_IMPORT');
INSERT IGNORE INTO temp_security VALUES (null, 2, '/api/qatTemp/**', 'ROLE_BF_PIPELINE_PROGRAM_IMPORT');
INSERT IGNORE INTO temp_security VALUES (null, 1, '/api/qatTemp/**', 'ROLE_BF_PIPELINE_PROGRAM_IMPORT');
INSERT IGNORE INTO temp_security VALUES (null, 1, '/api/pipeline/**', 'ROLE_BF_PIPELINE_PROGRAM_IMPORT');
INSERT IGNORE INTO temp_security VALUES (null, 3, '/api/pipeline/**', 'ROLE_BF_PIPELINE_PROGRAM_IMPORT');
INSERT IGNORE INTO temp_security VALUES (null, 1, '/api/qatTemp/**', 'ROLE_BF_PIPELINE_PROGRAM_IMPORT');
INSERT IGNORE INTO temp_security VALUES (null, 1, '/api/pipeline/**', 'ROLE_BF_PIPELINE_PROGRAM_IMPORT');
INSERT IGNORE INTO temp_security VALUES (null, 1, '/api/qatTemp/**', 'ROLE_BF_PIPELINE_PROGRAM_IMPORT');
INSERT IGNORE INTO temp_security VALUES (null, 3, '/api/pipeline/**', 'ROLE_BF_PIPELINE_PROGRAM_IMPORT');
INSERT IGNORE INTO temp_security VALUES (null, 1, '/api/qatTemp/**', 'ROLE_BF_PIPELINE_PROGRAM_IMPORT');
INSERT IGNORE INTO temp_security VALUES (null, 2, '/api/pipeline/**', 'ROLE_BF_PIPELINE_PROGRAM_IMPORT');
INSERT IGNORE INTO temp_security VALUES (null, 2, '/api/pipeline/**', 'ROLE_BF_PIPELINE_PROGRAM_IMPORT');
INSERT IGNORE INTO temp_security VALUES (null, 1, '/api/pipeline/**', 'ROLE_BF_PIPELINE_PROGRAM_IMPORT');
INSERT IGNORE INTO temp_security VALUES (null, 3, '/api/pipeline/**', 'ROLE_BF_PIPELINE_PROGRAM_IMPORT');
INSERT IGNORE INTO temp_security VALUES (null, 1, '/api/qatTemp/**', 'ROLE_BF_PIPELINE_PROGRAM_IMPORT');
INSERT IGNORE INTO temp_security VALUES (null, 3, '/api/pipeline/**', 'ROLE_BF_PIPELINE_PROGRAM_IMPORT');
INSERT IGNORE INTO temp_security VALUES (null, 1, '/api/qatTemp/**', 'ROLE_BF_PIPELINE_PROGRAM_IMPORT');
INSERT IGNORE INTO temp_security VALUES (null, 3, '/api/pipeline/**', 'ROLE_BF_PIPELINE_PROGRAM_IMPORT');
INSERT IGNORE INTO temp_security VALUES (null, 1, '/api/qatTemp/**', 'ROLE_BF_PIPELINE_PROGRAM_IMPORT');
INSERT IGNORE INTO temp_security VALUES (null, 3, '/api/pipeline/**', 'ROLE_BF_PIPELINE_PROGRAM_IMPORT');
INSERT IGNORE INTO temp_security VALUES (null, 1, '/api/qatTemp/**', 'ROLE_BF_PIPELINE_PROGRAM_IMPORT');
INSERT IGNORE INTO temp_security VALUES (null, 3, '/api/pipeline/**', 'ROLE_BF_PIPELINE_PROGRAM_IMPORT');
INSERT IGNORE INTO temp_security VALUES (null, 2, '/api/problemReport/createManualProblem', 'ROLE_BF_SUPPLY_PLAN_VERSION_AND_REVIEW');
INSERT IGNORE INTO temp_security VALUES (null, 1, '/api/problemStatus', 'ROLE_BF_SUPPLY_PLAN_VERSION_AND_REVIEW');
INSERT IGNORE INTO temp_security VALUES (null, 1, '/api/programData/programId/**', 'ROLE_BF_COMMIT_VERSION~ROLE_BF_SUPPLY_PLAN_VERSION_AND_REVIEW');
INSERT IGNORE INTO temp_security VALUES (null, 2, '/api/programData', 'ROLE_BF_DOWNLOAD_PROGARM');
INSERT IGNORE INTO temp_security VALUES (null, 1, '/api/programVersion/programId/**', 'ROLE_BF_DOWNLOAD_PROGARM');
INSERT IGNORE INTO temp_security VALUES (null, 3, '/api/programVersion/programId/**', 'ROLE_BF_SUPPLY_PLAN_VERSION_AND_REVIEW');
INSERT IGNORE INTO temp_security VALUES (null, 1, '/api/programData/shipmentSync/programId/**', 'ROLE_BF_MASTER_DATA_SYNC');
INSERT IGNORE INTO temp_security VALUES (null, 2, '/api/programData/checkNewerVersions', 'ROLE_BF_MASTER_DATA_SYNC');
INSERT IGNORE INTO temp_security VALUES (null, 2, '/api/programData/getLatestVersionForPrograms', 'ROLE_BF_MASTER_DATA_SYNC');
INSERT IGNORE INTO temp_security VALUES (null, 3, '/api/programVersion/resetProblem', 'ROLE_BF_SUPPLY_PLAN_VERSION_AND_REVIEW');
INSERT IGNORE INTO temp_security VALUES (null, 1, '/api/program/data/version/trans/programId/**', 'ROLE_BF_SUPPLY_PLAN_VERSION_AND_REVIEW');
INSERT IGNORE INTO temp_security VALUES (null, 1, '/api/program/data/version/trans/programId/**', 'ROLE_BF_SUPPLY_PLAN_VERSION_AND_REVIEW');
INSERT IGNORE INTO temp_security VALUES (null, 1, '/api/programData/getLatestVersionForProgram/*', 'ROLE_BF_COMMIT_DATASET~ROLE_BF_COMMIT_VERSION');
INSERT IGNORE INTO temp_security VALUES (null, 1, '/api/programData/getLastModifiedDateForProgram/**', 'ROLE_BF_COMMIT_VERSION');
INSERT IGNORE INTO temp_security VALUES (null, 2, '/api/program/actualConsumptionReport', 'ROLE_BF_LIST_IMPORT_FROM_QAT_SUPPLY_PLAN');
INSERT IGNORE INTO temp_security VALUES (null, 3, '/api/program', 'ROLE_BF_UPDATE_PROGRAM');
INSERT IGNORE INTO temp_security VALUES (null, 1, '/api/program', 'ROLE_BF_LIST_PROGRAM');
INSERT IGNORE INTO temp_security VALUES (null, 1, '/api/program/all', 'ROLE_BF_LIST_PROGRAM');
INSERT IGNORE INTO temp_security VALUES (null, 1, '/api/program/**', 'ROLE_BF_LIST_PROGRAM');
INSERT IGNORE INTO temp_security VALUES (null, 2, '/api/program/**', 'ROLE_BF_LIST_PROGRAM');
INSERT IGNORE INTO temp_security VALUES (null, 2, '/api/program/**', 'ROLE_BF_LIST_PROGRAM');
INSERT IGNORE INTO temp_security VALUES (null, 1, '/api/program/**', 'ROLE_BF_LIST_PROGRAM');
INSERT IGNORE INTO temp_security VALUES (null, 3, '/api/program/planningUnit', 'ROLE_BF_ADD_PROGRAM_PRODUCT');
INSERT IGNORE INTO temp_security VALUES (null, 2, '/api/program/planningUnit/procurementAgent', 'ROLE_BF_MAP_COUNTRY_SPECIFIC_PRICES');
INSERT IGNORE INTO temp_security VALUES (null, 3, '/api/program/planningUnit/procurementAgent', 'ROLE_BF_MAP_COUNTRY_SPECIFIC_PRICES');
INSERT IGNORE INTO temp_security VALUES (null, 2, '/api/planningUnit/programs', 'ROLE_BF_LIST_ALTERNATE_REPORTING_UNIT');
INSERT IGNORE INTO temp_security VALUES (null, 1, '/api/program/**', 'ROLE_BF_LIST_PROGRAM');
INSERT IGNORE INTO temp_security VALUES (null, 1, '/api/program/*', 'ROLE_BF_UPDATE_PROGRAM');
INSERT IGNORE INTO temp_security VALUES (null, 1, '/api/program/**', 'ROLE_BF_LIST_PROGRAM');
INSERT IGNORE INTO temp_security VALUES (null, 2, '/api/program/initialize', 'ROLE_BF_CREATE_A_PROGRAM');
INSERT IGNORE INTO temp_security VALUES (null, 1, '/api/loadProgram', 'ROLE_BF_DOWNLOAD_PROGARM');
INSERT IGNORE INTO temp_security VALUES (null, 1, '/api/loadProgram/**', 'ROLE_BF_DOWNLOAD_PROGARM');
INSERT IGNORE INTO temp_security VALUES (null, 2, '/api/programAndPlanningUnit/programs', 'ROLE_BF_MAP_COUNTRY_SPECIFIC_PRICES');
INSERT IGNORE INTO temp_security VALUES (null, 2, '/api/program/realmCountryList', 'ROLE_BF_DROPDOWN_SP~ROLE_BF_DROPDOWN_FC');
INSERT IGNORE INTO temp_security VALUES (null, 2, '/api/program/productCategoryList', 'ROLE_BF_DROPDOWN_SP');
INSERT IGNORE INTO temp_security VALUES (null, 2, '/api/quantimed/quantimedImport/*', 'ROLE_BF_QUANTIMED_IMPORT');
INSERT IGNORE INTO temp_security VALUES (null, 2, '/api/report/programProductCatalog', 'ROLE_BF_PRODUCT_CATALOG_REPORT');
INSERT IGNORE INTO temp_security VALUES (null, 2, '/api/report/consumptionForecastVsActual', 'ROLE_BF_CONSUMPTION_REPORT');
INSERT IGNORE INTO temp_security VALUES (null, 2, '/api/report/globalConsumption', 'ROLE_BF_CONSUMPTION_GLOBAL_VIEW_REPORT');
INSERT IGNORE INTO temp_security VALUES (null, 2, '/api/report/forecastMetricsMonthly', 'ROLE_BF_FORECAST_ERROR_OVER_TIME_REPORT');
INSERT IGNORE INTO temp_security VALUES (null, 2, '/api/report/forecastMetricsComparision', 'ROLE_BF_FORECAST_MATRIX_REPORT');
INSERT IGNORE INTO temp_security VALUES (null, 2, '/api/report/warehouseCapacityReport', 'ROLE_BF_WAREHOUSE_CAPACITY_REPORT');
INSERT IGNORE INTO temp_security VALUES (null, 2, '/api/report/warehouseByCountry', 'ROLE_BF_REGION');
INSERT IGNORE INTO temp_security VALUES (null, 2, '/api/report/costOfInventory', 'ROLE_BF_COST_OF_INVENTORY_REPORT');
INSERT IGNORE INTO temp_security VALUES (null, 2, '/api/report/inventoryTurns', 'ROLE_BF_INVENTORY_TURNS_REPORT');
INSERT IGNORE INTO temp_security VALUES (null, 2, '/api/report/expiredStock', 'ROLE_BF_EXPIRIES_REPORT');
INSERT IGNORE INTO temp_security VALUES (null, 2, '/api/report/stockAdjustmentReport', 'ROLE_BF_STOCK_ADJUSTMENT_REPORT');
INSERT IGNORE INTO temp_security VALUES (null, 2, '/api/report/procurementAgentShipmentReport', 'ROLE_BF_SHIPMENT_COST_DETAILS_REPORT');
INSERT IGNORE INTO temp_security VALUES (null, 2, '/api/report/programLeadTimes', 'ROLE_BF_PROCUREMENT_AGENT_REPORT');
INSERT IGNORE INTO temp_security VALUES (null, 2, '/api/report/fundingSourceShipmentReport', 'ROLE_BF_SHIPMENT_COST_DETAILS_REPORT~ROLE_BF_FUNDER_REPORT');
INSERT IGNORE INTO temp_security VALUES (null, 2, '/api/report/stockStatusVertical/**', 'ROLE_BF_SUPPLY_PLAN_REPORT');
INSERT IGNORE INTO temp_security VALUES (null, 2, '/api/report/stockStatusOverTime', 'ROLE_BF_STOCK_STATUS_OVER_TIME_REPORT');
INSERT IGNORE INTO temp_security VALUES (null, 2, '/api/report/stockStatusMatrix', 'ROLE_BF_STOCK_STATUS_MATRIX_REPORT');
INSERT IGNORE INTO temp_security VALUES (null, 2, '/api/report/shipmentDetails', 'ROLE_BF_SHIPMENT_DETAILS_REPORT');
INSERT IGNORE INTO temp_security VALUES (null, 2, '/api/report/shipmentOverview', 'ROLE_BF_SHIPMENT_OVERVIEW_REPORT');
INSERT IGNORE INTO temp_security VALUES (null, 2, '/api/report/shipmentGlobalDemand', 'ROLE_BF_GLOBAL_DEMAND_REPORT');
INSERT IGNORE INTO temp_security VALUES (null, 2, '/api/report/annualShipmentCost', 'ROLE_BF_ANNUAL_SHIPMENT_COST_REPORT');
INSERT IGNORE INTO temp_security VALUES (null, 2, '/api/report/aggregateShipmentByProduct', 'ROLE_BF_SHIPMENT_COST_DETAILS_REPORT');
INSERT IGNORE INTO temp_security VALUES (null, 2, '/api/report/stockStatusForProgram', 'ROLE_BF_STOCK_STATUS_GLOBAL_VIEW_REPORT~ROLE_BF_STOCK_STATUS_REPORT');
INSERT IGNORE INTO temp_security VALUES (null, 2, '/api/report/budgetReport', 'ROLE_BF_BUDGET_REPORT');
INSERT IGNORE INTO temp_security VALUES (null, 2, '/api/report/stockStatusAcrossProducts', 'ROLE_BF_STOCK_STATUS_GLOBAL_VIEW_REPORT');
INSERT IGNORE INTO temp_security VALUES (null, 2, '/api/report/forecastErrorNew', 'ROLE_BF_FORECAST_ERROR_OVER_TIME_REPORT');
INSERT IGNORE INTO temp_security VALUES (null, 2, '/api/report/monthlyForecast', 'ROLE_BF_SUPPLY_PLAN_IMPORT~ROLE_BF_LIST_MONTHLY_FORECAST');
INSERT IGNORE INTO temp_security VALUES (null, 2, '/api/report/forecastSummary', 'ROLE_BF_LIST_FORECAST_SUMMARY~ROLE_BF_VIEW_FORECAST_SUMMARY~ROLE_BF_COMPARE_VERSION');
INSERT IGNORE INTO temp_security VALUES (null, 2, '/api/report/manualJson', 'ROLE_BF_MANUAL_INTEGRATION');
INSERT IGNORE INTO temp_security VALUES (null, 1, '/api/report/updateProgramInfo/**', 'ROLE_BF_LIST_ALTERNATE_REPORTING_UNIT~ROLE_BF_LIST_DATASET~ROLE_BF_LIST_PROGRAM');
INSERT IGNORE INTO temp_security VALUES (null, 1, '/api/treeTemplate', 'ROLE_BF_VIEW_TREE_TEMPLATES~ROLE_BF_LOGGED_IN');
INSERT IGNORE INTO temp_security VALUES (null, 2, '/api/treeTemplate', 'ROLE_BF_ADD_TREE_TEMPLATE');
INSERT IGNORE INTO temp_security VALUES (null, 3, '/api/treeTemplate', 'ROLE_BF_EDIT_TREE_TEMPLATE');
INSERT IGNORE INTO temp_security VALUES (null, 1, '/api/treeTemplate/*', 'ROLE_BF_VIEW_TREE_TEMPLATES~ROLE_BF_LOGGED_IN');
-- #########################################################################################################
-- These queries should be run at the end
-- #########################################################################################################
INSERT IGNORE INTO temp_security VALUES (null, 1, '/api/user/*', 'ROLE_BF_LIST_USER');
INSERT IGNORE INTO ap_security VALUES (null, 1, '/api/dataset/*', 'ROLE_BF_LIST_DATASET');